Feature Combination,Model,R-squared Validation,MSE Validation,MAE Validation,Validation R-squared CI Lower,Validation R-squared CI Upper,Validation MSE CI Lower,Validation MSE CI Upper,Validation MAE CI Lower,Validation MAE CI Upper,Train R-squared,Train MSE,Train MAE,Train R-squared CI Lower,Train R-squared CI Upper,Train MSE CI Lower,Train MSE CI Upper,Train MAE CI Lower,Train MAE CI Upper,Number of Estimators,Run Number
"['Lignin (wt%)', 'Co-polyol type (PTHF)', 'r', 'Copolyol (wt%)']",Fixed Stacking Ensemble,0.33209966949800646,470.19798323711274,15.977302436786108,0.1768306845096096,0.4873686544864033,370.30863946217414,570.0873270120513,14.223768959034054,17.73083591453816,0.37792807463659933,455.5178913629337,16.165911372834973,0.3303083111710323,0.42554783810216634,423.28344670538,487.7523360204874,15.369428120630436,16.962394625039508,1000,1
"['Lignin (wt%)', 'Co-polyol type (PTHF)', 'r', 'Isocyanate (wt%)']",Fixed Stacking Ensemble,0.33468373929931505,469.3587464508817,16.724634666785317,0.20439704366582065,0.46497043493280943,381.04510358647474,557.6723893152887,15.195293945497998,18.253975388072636,0.35389875531340836,473.30010418549773,16.929499943961773,0.31042842788913055,0.3973690827376862,442.81781392374006,503.7823944472554,16.190398081401913,17.668601806521632,1000,1
"['Lignin (wt%)', 'Co-polyol type (PTHF)', 'r', 'Isocyanate (mmol NCO)']",Fixed Stacking Ensemble,0.1597710129743693,589.5948552207617,18.97269688531586,0.011424551443628417,0.3081174745051102,500.21060886060786,678.9791015809155,17.727069411277977,20.21832435935374,0.26494743837492296,538.6447690774246,18.51616375581345,0.22425285233495984,0.3056420244148861,508.8177573915054,568.4717807633439,17.7202529578872,19.312074553739702,1000,1
"['Lignin (wt%)', 'Co-polyol type (PTHF)', 'r', 'Isocyonate type']",Fixed Stacking Ensemble,0.28957626804507713,499.9742772901524,16.846141379024882,0.13729152458646035,0.44186101150369395,399.2769359651466,600.6716186151582,15.219127419849737,18.473155338200026,0.353036040891217,474.26633718618376,16.701809258691462,0.30587311373354226,0.4001989680488917,438.3402546417117,510.19241973065584,15.858028375717135,17.545590141665787,1000,1
"['Lignin (wt%)', 'Co-polyol type (PTHF)', 'r', 'tin(II) octoate']",Fixed Stacking Ensemble,0.2596637682035069,519.0510063863428,17.502591754792455,0.1046652783503384,0.4146622580566754,423.77284866911964,614.329164103566,15.608489446047493,19.396694063537417,0.29671549030616584,515.3383783880163,17.623522819860906,0.25309469920700944,0.34033628140532224,483.8061452935391,546.8706114824935,16.807476614530543,18.43956902519127,1000,1
"['Lignin (wt%)', 'Co-polyol type (PTHF)', 'r', 'Sratio(%)']",Fixed Stacking Ensemble,0.3570691627521098,455.44072803317414,15.784501524464812,0.2372186924184152,0.47691963308580443,366.36106732193986,544.5203887444084,14.339796144443401,17.229206904486222,0.39435142314316113,443.71539162069047,16.004537432628645,0.345860094656409,0.44284275162991327,409.05942827731445,478.3713549640665,15.259264782469488,16.7498100827878,1000,1
"['Lignin (wt%)', 'Co-polyol type (PTHF)', 'r', 'Copolyol (wt%)', 'Isocyanate (wt%)']",Fixed Stacking Ensemble,0.34430567619466956,462.5025901131873,15.87389173350346,0.19032719611051058,0.49828415627882855,360.42517741368675,564.5800028126878,14.164250979533081,17.583532487473835,0.370636787865977,461.06243114464814,16.306577340885877,0.3265423001896027,0.4147312755423513,429.9466545821661,492.1782077071302,15.580676488716335,17.032478193055418,1000,1
"['Lignin (wt%)', 'Co-polyol type (PTHF)', 'r', 'Copolyol (wt%)', 'Isocyanate (mmol NCO)']",Fixed Stacking Ensemble,0.2907322015525449,503.4681682363068,16.55550094941625,0.1444876962502116,0.4369767068548782,396.0697649134389,610.8665715591746,14.74824196473401,18.362759934098488,0.3493038020115632,476.6713781395254,16.550553838353302,0.29381534776143214,0.40479225626169424,437.14648462731,516.1962716517409,15.588869215837057,17.512238460869547,1000,1
"['Lignin (wt%)', 'Co-polyol type (PTHF)', 'r', 'Copolyol (wt%)', 'Isocyonate type']",Fixed Stacking Ensemble,0.3281943203539709,473.75310396469087,15.772276316353473,0.1683341345717485,0.4880545061361933,367.8515836320631,579.6546242973186,14.02511582229503,17.519436810411918,0.3791866293501584,454.61067262303095,16.036439009845765,0.325945213500926,0.4324280451993908,417.68812774993864,491.53321749612326,15.148551854340877,16.924326165350653,1000,1
"['Lignin (wt%)', 'Co-polyol type (PTHF)', 'r', 'Copolyol (wt%)', 'tin(II) octoate']",Fixed Stacking Ensemble,0.34518695957008266,463.8311690375099,16.073853661594157,0.2086213247965074,0.4817525943436579,365.7843439813218,561.8779940936979,14.259444057778591,17.888263265409723,0.35909502063247956,469.6001696625846,16.367527779815326,0.30655537092601154,0.4116346703389476,431.58592876993293,507.6144105552363,15.463455886728804,17.271599672901846,1000,1
"['Lignin (wt%)', 'Co-polyol type (PTHF)', 'r', 'Copolyol (wt%)', 'Sratio(%)']",Fixed Stacking Ensemble,0.35275913738104914,458.23912679127545,15.497800594286229,0.22676994415812576,0.4787483306039725,368.931404704133,547.5468488784179,13.87504518538065,17.12055600319181,0.4227242282961002,422.9409175456441,15.383936005278306,0.37270440874877747,0.4727440478434229,387.1125481964879,458.76928689480025,14.666915614297707,16.100956396258905,1000,1
"['Lignin (wt%)', 'Co-polyol type (PTHF)', 'r', 'Isocyanate (wt%)', 'Isocyanate (mmol NCO)']",Fixed Stacking Ensemble,0.21844587965429535,559.3375800648366,17.607419303994753,0.01598394006991677,0.42090781923867393,388.1810754665178,730.4940846631555,15.247099107555542,19.967739500433964,0.34046512780257154,483.82302850009336,16.968684144654542,0.28552653549737816,0.3954037201077649,440.2808059819457,527.365251018241,15.897111521415834,18.04025676789325,1000,1
"['Lignin (wt%)', 'Co-polyol type (PTHF)', 'r', 'Isocyanate (wt%)', 'Isocyonate type']",Fixed Stacking Ensemble,0.3049154545226179,489.89638078361406,16.951355872442907,0.154182069730481,0.45564883931475486,389.17751760889524,590.6152439583328,15.384776066810538,18.517935678075276,0.34756779848624947,478.0398388339072,16.937924870152802,0.29749519049925544,0.3976404064732435,441.7010449955344,514.37863267228,16.0509719271727,17.824877813132904,1000,1
"['Lignin (wt%)', 'Co-polyol type (PTHF)', 'r', 'Isocyanate (wt%)', 'tin(II) octoate']",Fixed Stacking Ensemble,0.33741356476446005,466.6057268430601,16.361236291767735,0.1997157939798537,0.47511133554906637,377.35348389187254,555.8579697942477,14.672004995199824,18.050467588335646,0.34668677745312515,478.6734219245729,16.678773757524688,0.2978481486978969,0.3955254062083534,443.3925195840237,513.9543242651221,15.828340247153633,17.529207267895742,1000,1
"['Lignin (wt%)', 'Co-polyol type (PTHF)', 'r', 'Isocyanate (wt%)', 'Sratio(%)']",Fixed Stacking Ensemble,0.36264240216673266,449.7420843912475,15.978001283729645,0.26451949821778914,0.4607653061156762,382.16400605082237,517.3201627316726,14.828992728938907,17.127009838520383,0.3912467206588827,445.9788646602891,16.214552387353905,0.3523059229903004,0.43018751832746505,418.70131776368385,473.25641155689436,15.675126511407186,16.753978263300624,1000,1
"['Lignin (wt%)', 'Co-polyol type (PTHF)', 'r', 'Isocyanate (mmol NCO)', 'Isocyonate type']",Fixed Stacking Ensemble,0.2693862636223572,516.2802298545946,17.17700733925174,0.12592806733996798,0.4128444599047464,413.4837694370333,619.0766902721559,15.48532809291897,18.868686585584513,0.3357977562141756,486.97468825591216,16.956632634772422,0.29205281448023823,0.379542697948113,452.76733382846487,521.1820426833594,16.17030383892304,17.742961430621804,1000,1
"['Lignin (wt%)', 'Co-polyol type (PTHF)', 'r', 'Isocyanate (mmol NCO)', 'tin(II) octoate']",Fixed Stacking Ensemble,0.2274151429747814,546.5833236938379,17.97440946710521,0.07743749151398127,0.37739279443558155,437.37588213811864,655.7907652495571,16.13031265505023,19.818506279160193,0.3027279954838682,510.824280573332,17.652267426820234,0.24506660151349346,0.3603893894542429,469.32937750222334,552.3191836444406,16.66033038937471,18.64420446426576,1000,1
"['Lignin (wt%)', 'Co-polyol type (PTHF)', 'r', 'Isocyanate (mmol NCO)', 'Sratio(%)']",Fixed Stacking Ensemble,0.2529122740998251,542.1341452670688,16.717765298126956,0.014558446962286392,0.4912661012373638,327.87504518401,756.3932453501276,14.621491510059503,18.81403908619441,0.39746242497869405,441.58140338443565,15.975478868115307,0.32819963550774345,0.46672521444964465,391.15154882369836,492.01125794517293,14.88822339593451,17.062734340296103,1000,1
"['Lignin (wt%)', 'Co-polyol type (PTHF)', 'r', 'Isocyonate type', 'tin(II) octoate']",Fixed Stacking Ensemble,0.2844193916321489,502.6389461872318,17.10285185715143,0.13771036039171217,0.4311284228725857,407.1570024110726,598.120889963391,15.303322276010432,18.902381438292426,0.3317475752151046,489.6538281778139,17.028453834120977,0.28419274285460366,0.37930240757560557,454.9783426606005,524.3293136950274,16.22118499214804,17.835722676093916,1000,1
"['Lignin (wt%)', 'Co-polyol type (PTHF)', 'r', 'Isocyonate type', 'Sratio(%)']",Fixed Stacking Ensemble,0.35216864487677896,460.61958843205775,15.828657761367555,0.23996611368986276,0.46437117606369516,371.45023245605887,549.7889444080566,14.41965686777382,17.23765865496129,0.3980544189806715,441.16711535857047,15.888133674852494,0.34984700729800733,0.4462618306633357,405.47029056544727,476.86394015169367,15.109542022592892,16.666725327112097,1000,1
"['Lignin (wt%)', 'Co-polyol type (PTHF)', 'r', 'tin(II) octoate', 'Sratio(%)']",Fixed Stacking Ensemble,0.3719098679760922,445.25096275992684,15.589470905010444,0.2620742891040429,0.4817454468481415,362.1569486455531,528.3449768743006,14.350399022762444,16.828542787258446,0.38862156788393465,447.8918288027097,16.07648145129604,0.3451532367954732,0.4320898989723961,417.1257815818493,478.6578760235701,15.490170606921692,16.662792295670386,1000,1
"['Lignin (wt%)', 'Co-polyol type (PTHF)', 'r', 'Copolyol (wt%)', 'Isocyanate (wt%)', 'Isocyanate (mmol NCO)']",Fixed Stacking Ensemble,0.26196026416814633,527.958390269148,16.957097795895162,0.11302990786218242,0.41089062047411024,400.7048756051767,655.2119049331193,15.20598265699304,18.708212934797285,0.3432395799340281,481.1925739983082,16.68285672291873,0.2892118994488305,0.39726726041922567,442.1301455259301,520.2550024706863,15.653945960990356,17.7117674848471,1000,1
"['Lignin (wt%)', 'Co-polyol type (PTHF)', 'r', 'Copolyol (wt%)', 'Isocyanate (wt%)', 'Isocyonate type']",Fixed Stacking Ensemble,0.3114229695486509,488.72142612577164,16.111679644981443,0.15592537768348008,0.4669205614138217,375.870377025288,601.5724752262553,14.240680002979326,17.982679286983558,0.3685657471716941,462.57601633201404,16.30685282048675,0.31451059070637155,0.42262090363701665,423.68837243357666,501.4636602304514,15.39844541958814,17.215260221385357,1000,1
"['Lignin (wt%)', 'Co-polyol type (PTHF)', 'r', 'Copolyol (wt%)', 'Isocyanate (wt%)', 'tin(II) octoate']",Fixed Stacking Ensemble,0.34576132753574546,462.0073100021744,15.817715713777863,0.20640540332204643,0.4851172517494445,366.4405626869402,557.5740573174086,14.179885754146797,17.45554567340893,0.3574830463576704,470.6901367972782,16.410204573301787,0.30744839042902006,0.4075177022863208,435.065497621538,506.31477597301847,15.594451398500025,17.22595774810355,1000,1
"['Lignin (wt%)', 'Co-polyol type (PTHF)', 'r', 'Copolyol (wt%)', 'Isocyanate (wt%)', 'Sratio(%)']",Fixed Stacking Ensemble,0.3512159065912108,460.1057009895941,15.94964292180568,0.2612845842339836,0.44114722894843805,389.96585297599813,530.24554900319,14.809684744138703,17.089601099472656,0.406395712605539,435.0183896006837,15.752820833088688,0.35962121595376245,0.4531702092573155,400.909417629731,469.12736157163636,15.09435945592368,16.411282210253695,1000,1
"['Lignin (wt%)', 'Co-polyol type (PTHF)', 'r', 'Copolyol (wt%)', 'Isocyanate (mmol NCO)', 'Isocyonate type']",Fixed Stacking Ensemble,0.2754609828730553,517.5587844125852,16.595858015130297,0.12834674195609716,0.42257522379001344,396.73418834425917,638.3833804809112,14.86707471421186,18.324641316048734,0.34745457155505255,478.0083503086018,16.552546820418364,0.29273172070159337,0.40217742240851173,439.09608270149226,516.9206179157113,15.589229521289859,17.51586411954687,1000,1
"['Lignin (wt%)', 'Co-polyol type (PTHF)', 'r', 'Copolyol (wt%)', 'Isocyanate (mmol NCO)', 'tin(II) octoate']",Fixed Stacking Ensemble,0.2795315792312844,509.884312719859,16.708388720873632,0.12980347696430677,0.42925968149826205,401.3955371669276,618.3730882727904,15.022113332240167,18.394664109507097,0.3603943014112331,468.8187818944545,16.488937330062278,0.29556540201324993,0.4252232008092162,420.667962978493,516.9696008104161,15.375786340249824,17.60208831987473,1000,1
"['Lignin (wt%)', 'Co-polyol type (PTHF)', 'r', 'Copolyol (wt%)', 'Isocyanate (mmol NCO)', 'Sratio(%)']",Fixed Stacking Ensemble,0.2789219278145019,520.5182731356118,16.326364818508683,0.07444249657216048,0.48340135905684334,338.475701144887,702.5608451263366,14.369334622016906,18.283395015000462,0.3959827153277883,442.7902659581763,15.831111621931859,0.3297619593669508,0.46220347128862577,393.76169449924,491.8188374171126,14.753720603269883,16.908502640593834,1000,1
"['Lignin (wt%)', 'Co-polyol type (PTHF)', 'r', 'Copolyol (wt%)', 'Isocyonate type', 'tin(II) octoate']",Fixed Stacking Ensemble,0.35118005263205054,459.1123230813745,15.937999494332871,0.21037769709343573,0.49198240817066535,359.49842048106564,558.7262256816833,14.162628066459382,17.71337092220636,0.3649563495969822,465.21353694902893,16.312108022233225,0.3129020583287063,0.4170106408652581,427.98203282473116,502.4450410733267,15.447166025190578,17.177050019275875,1000,1
"['Lignin (wt%)', 'Co-polyol type (PTHF)', 'r', 'Copolyol (wt%)', 'Isocyonate type', 'Sratio(%)']",Fixed Stacking Ensemble,0.3498381681183872,462.2632334246741,15.590282728327821,0.2346895646634656,0.4649867715733088,375.4031993036497,549.1232675456986,14.01047180598131,17.170093650674335,0.42003607784153985,424.9185523074804,15.348813565427582,0.371592288819466,0.4684798668636137,390.1794766751196,459.65762793984123,14.652096974052043,16.04553015680312,1000,1
"['Lignin (wt%)', 'Co-polyol type (PTHF)', 'r', 'Copolyol (wt%)', 'tin(II) octoate', 'Sratio(%)']",Fixed Stacking Ensemble,0.349272395497085,460.5904812177053,15.60105483526053,0.2293427823963582,0.4692020085978118,375.02039889230514,546.1605635431055,14.070180147638556,17.131929522882505,0.4084648951205258,433.41082062912955,15.651400488923002,0.36747591505213767,0.44945387518891394,404.1100921470999,462.7115491111592,15.077510306513027,16.225290671332978,1000,1
"['Lignin (wt%)', 'Co-polyol type (PTHF)', 'r', 'Isocyanate (wt%)', 'Isocyanate (mmol NCO)', 'Isocyonate type']",Fixed Stacking Ensemble,0.2337552851738416,548.116742139144,17.57042833290346,0.048117014046957896,0.4193935563007253,387.32975879306025,708.9037254852277,15.39888745985605,19.741969205950873,0.33887160315119835,484.8624096844308,16.918554231681686,0.29122931312968514,0.38651389317271156,447.25476294323005,522.4700564256316,15.997875166096986,17.839233297266386,1000,1
"['Lignin (wt%)', 'Co-polyol type (PTHF)', 'r', 'Isocyanate (wt%)', 'Isocyanate (mmol NCO)', 'tin(II) octoate']",Fixed Stacking Ensemble,0.3182851752726386,480.24241033944674,16.676961190995133,0.1848046376264735,0.45176571291880374,390.0435864780385,570.441234200855,14.979346226644996,18.37457615534527,0.34737674211741354,478.1538725357608,16.784748142905944,0.29640725396835177,0.3983462302664753,441.17492549974025,515.1328195717813,15.840265935760653,17.729230350051232,1000,1
"['Lignin (wt%)', 'Co-polyol type (PTHF)', 'r', 'Isocyanate (wt%)', 'Isocyanate (mmol NCO)', 'Sratio(%)']",Fixed Stacking Ensemble,0.29449694682449207,505.62029208356523,16.74653216280449,0.15912169532917558,0.42987219831980855,381.8426643644917,629.3979198026387,15.363982834180728,18.12908149142825,0.3803893927800791,454.1599183097138,16.33754727598926,0.32386929453891444,0.43690949102124377,412.335701454487,495.98413516494065,15.435287957666485,17.239806594312032,1000,1
"['Lignin (wt%)', 'Co-polyol type (PTHF)', 'r', 'Isocyanate (wt%)', 'Isocyonate type', 'tin(II) octoate']",Fixed Stacking Ensemble,0.33793069156868444,466.9738567783661,16.477332274103837,0.19944193640821056,0.4764194467291583,374.9769840516127,558.9707295051195,14.860115104963413,18.09454944324426,0.341803454708909,482.2860107252076,16.843093172421668,0.2918253129624223,0.3917815964553957,445.92747337441295,518.6445480760023,15.995894955335043,17.690291389508292,1000,1
"['Lignin (wt%)', 'Co-polyol type (PTHF)', 'r', 'Isocyanate (wt%)', 'Isocyonate type', 'Sratio(%)']",Fixed Stacking Ensemble,0.3451946297613454,463.69628167376715,16.24638829380158,0.23811249528008238,0.45227676424260843,383.6262867409498,543.7662766065845,14.947699621478787,17.545076966124373,0.3852223280606977,450.51928353853225,16.245061783751648,0.34239438726213284,0.4280502688592626,419.24389289645245,481.79467418061205,15.584564890988865,16.90555867651443,1000,1
"['Lignin (wt%)', 'Co-polyol type (PTHF)', 'r', 'Isocyanate (wt%)', 'tin(II) octoate', 'Sratio(%)']",Fixed Stacking Ensemble,0.3680187048680705,446.8118690017495,15.79236973951824,0.26290879750791074,0.4731286122282302,369.51374493546064,524.1099930680384,14.718517140283398,16.866222338753083,0.3931811123751113,444.642909039176,16.084062145351957,0.3504443774597788,0.43591784729044375,413.71342495035344,475.57239312799857,15.482794018449805,16.68533027225411,1000,1
"['Lignin (wt%)', 'Co-polyol type (PTHF)', 'r', 'Isocyanate (mmol NCO)', 'Isocyonate type', 'tin(II) octoate']",Fixed Stacking Ensemble,0.2820162548032563,507.4012240525952,17.085447200744927,0.14709267592086583,0.4169398336856468,409.61918917554476,605.1832589296456,15.43858848362134,18.732305917868512,0.34240138192393366,482.0419687091159,16.900739546136286,0.28847186960441473,0.3963308942434526,441.40541595897923,522.6785214592526,15.964160477805168,17.837318614467407,1000,1
"['Lignin (wt%)', 'Co-polyol type (PTHF)', 'r', 'Isocyanate (mmol NCO)', 'Isocyonate type', 'Sratio(%)']",Fixed Stacking Ensemble,0.18999502967200785,576.3584731397827,16.857045054778034,-0.022803152219998263,0.40279321156401393,411.21168325902875,741.5052630205367,15.188936115182026,18.525153994374044,0.4104894826186786,432.11395461567906,15.759350042945215,0.35280782978678704,0.4681711354505702,389.4218329520029,474.80607627935524,14.875576879972794,16.643123205917636,1000,1
"['Lignin (wt%)', 'Co-polyol type (PTHF)', 'r', 'Isocyanate (mmol NCO)', 'tin(II) octoate', 'Sratio(%)']",Fixed Stacking Ensemble,0.34045598769508834,472.8247684161265,16.017691957533497,0.22355214059302062,0.45735983479715603,364.31378891367956,581.3357479185735,14.481396000249438,17.553987914817554,0.38148769852061293,453.1254962137447,16.222659616090073,0.32066093871494544,0.4423144583262804,409.5134590814022,496.7375333460873,15.31020058951096,17.135118642669187,1000,1
"['Lignin (wt%)', 'Co-polyol type (PTHF)', 'r', 'Isocyonate type', 'tin(II) octoate', 'Sratio(%)']",Fixed Stacking Ensemble,0.3562401296181122,456.75529540299993,15.834627712316301,0.2441875117174565,0.46829274751876787,371.38592992457313,542.1246608814267,14.489824963014144,17.17943046161846,0.3918196139363901,445.50031151269224,16.027314129491224,0.34620638113490027,0.4374328467378799,413.44410133183015,477.5565216935543,15.40862109985083,16.646007159131617,1000,1
"['Lignin (wt%)', 'Co-polyol type (PTHF)', 'r', 'Copolyol (wt%)', 'Isocyanate (wt%)', 'Isocyanate (mmol NCO)', 'Isocyonate type']",Fixed Stacking Ensemble,0.2795525700005271,514.8567983291234,16.634056817941506,0.13483681075024892,0.42426832925080527,393.463046433468,636.2505502247789,14.989633094195316,18.278480541687696,0.3417524618348856,482.2520679246999,16.65454584432916,0.28809634832970693,0.3954085753400643,443.7126268523838,520.791508997016,15.689744868748047,17.619346819910273,1000,1
"['Lignin (wt%)', 'Co-polyol type (PTHF)', 'r', 'Copolyol (wt%)', 'Isocyanate (wt%)', 'Isocyanate (mmol NCO)', 'tin(II) octoate']",Fixed Stacking Ensemble,0.25757974557015484,529.4433738419892,16.878014954157393,0.10133662738440496,0.4138228637559047,400.90048668074655,657.9862610032319,15.157849056306034,18.598180852008753,0.3605325939650264,468.57119933739875,16.44413890694178,0.3030100543394539,0.4180551335905989,426.6066052708787,510.53579340391883,15.483962353512744,17.404315460370817,1000,1
"['Lignin (wt%)', 'Co-polyol type (PTHF)', 'r', 'Copolyol (wt%)', 'Isocyanate (wt%)', 'Isocyanate (mmol NCO)', 'Sratio(%)']",Fixed Stacking Ensemble,0.3086683102630162,493.7761172700496,16.304936893815874,0.2014154484094513,0.41592117211658114,393.4539134320214,594.0983211080778,15.064614303989876,17.54525948364187,0.38141491543633793,453.47471981226107,16.16111031192043,0.324177648139615,0.43865218273306084,410.7717944996537,496.17764512486843,15.27417393091126,17.048046692929603,1000,1
"['Lignin (wt%)', 'Co-polyol type (PTHF)', 'r', 'Copolyol (wt%)', 'Isocyanate (wt%)', 'Isocyonate type', 'tin(II) octoate']",Fixed Stacking Ensemble,0.338326609085385,467.48613138767814,16.000129891391946,0.2070412485771139,0.46961196959365603,376.92266347360777,558.0495993017485,14.439751476439387,17.560508306344506,0.3545456047545466,472.84065226267984,16.4716259389914,0.3040751292311441,0.4050160802779491,436.8675177284905,508.8137867968692,15.633728947788342,17.30952293019446,1000,1
"['Lignin (wt%)', 'Co-polyol type (PTHF)', 'r', 'Copolyol (wt%)', 'Isocyanate (wt%)', 'Isocyonate type', 'Sratio(%)']",Fixed Stacking Ensemble,0.34691046130282277,463.53408557209843,15.924093777049421,0.24512357412380636,0.4486973484818392,384.8924621239268,542.1757090202701,14.706887453841837,17.141300100257006,0.4049924221930759,436.0429589564761,15.724939632293843,0.3571528979203961,0.4528319464657557,401.1133408264709,470.97257708648135,15.06038854672147,16.389490717866217,1000,1
"['Lignin (wt%)', 'Co-polyol type (PTHF)', 'r', 'Copolyol (wt%)', 'Isocyanate (wt%)', 'tin(II) octoate', 'Sratio(%)']",Fixed Stacking Ensemble,0.36414079793307064,449.94816442280273,15.552345637827505,0.26401835031914644,0.46426324554699483,376.9779865807787,522.9183422648267,14.4486964283392,16.65599484731581,0.4013816680035191,438.6194399013043,15.827452425322102,0.3617670522890505,0.4409962837179877,410.31370101330674,466.92517878930187,15.303250474783788,16.351654375860416,1000,1
"['Lignin (wt%)', 'Co-polyol type (PTHF)', 'r', 'Copolyol (wt%)', 'Isocyanate (mmol NCO)', 'Isocyonate type', 'tin(II) octoate']",Fixed Stacking Ensemble,0.28920379631322535,506.73045155468606,16.753698422356585,0.15772979567826836,0.4206777969481823,396.93514605588007,616.525757053492,15.047149535969973,18.460247308743195,0.35924543118640584,469.6476006170691,16.534988511699815,0.30053828443676456,0.4179525779360471,426.10215374755165,513.1930474865866,15.532456944123583,17.53752007927605,1000,1
"['Lignin (wt%)', 'Co-polyol type (PTHF)', 'r', 'Copolyol (wt%)', 'Isocyanate (mmol NCO)', 'Isocyonate type', 'Sratio(%)']",Fixed Stacking Ensemble,0.27763592363488315,520.1848379184928,16.442213935918673,0.0978851499940474,0.4573866972757189,357.92590596331434,682.4437698736713,14.662880017702012,18.221547854135334,0.3956453057784894,443.0120520618422,15.851329018646831,0.32876687122493314,0.46252374033204563,393.65193965224745,492.372164471437,14.768430750910648,16.934227286383017,1000,1
"['Lignin (wt%)', 'Co-polyol type (PTHF)', 'r', 'Copolyol (wt%)', 'Isocyanate (mmol NCO)', 'tin(II) octoate', 'Sratio(%)']",Fixed Stacking Ensemble,0.3078713474644107,495.4672494566027,16.221272789304756,0.1733234421707748,0.4424192527580466,375.59992863498803,615.3345702782174,14.697391218731136,17.745154359878377,0.3838929128321749,451.5770189535853,16.132203780310405,0.3250450342778148,0.44274079138653505,408.34445424492094,494.8095836622497,15.23517517138189,17.02923238923892,1000,1
"['Lignin (wt%)', 'Co-polyol type (PTHF)', 'r', 'Copolyol (wt%)', 'Isocyonate type', 'tin(II) octoate', 'Sratio(%)']",Fixed Stacking Ensemble,0.34896120868814173,461.85926991305877,15.70166645369884,0.23722103331590222,0.46070138406038125,378.94186921406487,544.7766706120526,14.219655659824712,17.183677247572966,0.4086595677984307,433.2749105333395,15.652158601558321,0.36661985420908255,0.45069928138777887,403.14761371304894,463.40220735363005,15.065661313954724,16.23865588916192,1000,1
"['Lignin (wt%)', 'Co-polyol type (PTHF)', 'r', 'Isocyanate (wt%)', 'Isocyanate (mmol NCO)', 'Isocyonate type', 'tin(II) octoate']",Fixed Stacking Ensemble,0.30455856216196603,491.52479971394695,16.75822384138101,0.16847576724383914,0.4406413570800929,394.6053406038662,588.4442588240277,15.077883451415513,18.438564231346508,0.34281947753865677,481.62798961257886,16.875446816956753,0.2834252707343239,0.40221368434298965,437.7773931732364,525.4785860519213,15.815952840440321,17.934940793473185,1000,1
"['Lignin (wt%)', 'Co-polyol type (PTHF)', 'r', 'Isocyanate (wt%)', 'Isocyanate (mmol NCO)', 'Isocyonate type', 'Sratio(%)']",Fixed Stacking Ensemble,0.2217568232740735,562.5123399337,17.245196400727473,0.027269464285164774,0.4162441822629822,385.25837648261916,739.7663033847808,15.48957815129452,19.000814650160425,0.38847175364416364,448.49102802614925,16.258322402768698,0.3333335957974918,0.4436099114908355,406.062976762505,490.9190792897935,15.37862929036547,17.138015515171926,1000,1
"['Lignin (wt%)', 'Co-polyol type (PTHF)', 'r', 'Isocyanate (wt%)', 'Isocyanate (mmol NCO)', 'tin(II) octoate', 'Sratio(%)']",Fixed Stacking Ensemble,0.30912588253465223,491.67578978684685,16.44241584556722,0.19814333978732815,0.42010842528197634,396.1022241068403,587.2493554668534,15.134128688379118,17.75070300275532,0.3832487921031421,452.0124981611152,16.28421544776558,0.3314030422573503,0.43509454194893393,414.00037701003845,490.024619312192,15.548800121333867,17.019630774197292,1000,1
"['Lignin (wt%)', 'Co-polyol type (PTHF)', 'r', 'Isocyanate (wt%)', 'Isocyonate type', 'tin(II) octoate', 'Sratio(%)']",Fixed Stacking Ensemble,0.3651836734483375,448.9375679105916,15.862979166215903,0.2646901437033098,0.46567720319336525,373.94878544855004,523.9263503726332,14.831224082558009,16.894734249873796,0.38890197124882653,447.74517324389655,16.157392557426835,0.34620709825686435,0.4315968442407887,417.11773704287594,478.37260944491715,15.571511699084363,16.743273415769306,1000,1
"['Lignin (wt%)', 'Co-polyol type (PTHF)', 'r', 'Isocyanate (mmol NCO)', 'Isocyonate type', 'tin(II) octoate', 'Sratio(%)']",Fixed Stacking Ensemble,0.3239641927154765,483.45880504844564,16.12587562609685,0.2022230961668594,0.4457052892640936,374.2237172403523,592.693892856539,14.588446157475325,17.663305094718375,0.384188427973709,451.147031186391,16.1853361506292,0.32534139770309134,0.44303545824432666,409.0198997208457,493.27416265193636,15.321150265632571,17.04952203562583,1000,1
"['Lignin (wt%)', 'Co-polyol type (PTHF)', 'r', 'Copolyol (wt%)', 'Isocyanate (wt%)', 'Isocyanate (mmol NCO)', 'Isocyonate type', 'tin(II) octoate']",Fixed Stacking Ensemble,0.27175617950583575,518.8902983748557,16.74413555208279,0.12133708629989476,0.42217527271177674,395.666332350277,642.1142643994343,14.994509920621198,18.49376118354438,0.3556869119025738,472.23290705714925,16.528132805732533,0.29928688235380796,0.4120869414513396,430.45381740601476,514.0119967082837,15.556060005719173,17.500205605745894,1000,1
"['Lignin (wt%)', 'Co-polyol type (PTHF)', 'r', 'Copolyol (wt%)', 'Isocyanate (wt%)', 'Isocyanate (mmol NCO)', 'Isocyonate type', 'Sratio(%)']",Fixed Stacking Ensemble,0.27941131403607505,517.2654690596694,16.443082559900045,0.14463823580937105,0.41418439226277903,393.3201065952885,641.2108315240503,15.039177727964947,17.846987391835142,0.3905490443939475,446.9518458570436,16.090666701125336,0.33542555580488287,0.4456725329830121,404.5903922081196,489.3132995059676,15.24433480521783,16.93699859703284,1000,1
"['Lignin (wt%)', 'Co-polyol type (PTHF)', 'r', 'Copolyol (wt%)', 'Isocyanate (wt%)', 'Isocyanate (mmol NCO)', 'tin(II) octoate', 'Sratio(%)']",Fixed Stacking Ensemble,0.307307364631462,493.7518530661532,16.337538666549968,0.20239784305664393,0.4122168862062801,400.1837543755446,587.3199517567618,15.055163156402667,17.619914176697268,0.3750025355434069,458.17814864559443,16.32025236186262,0.3221235116418584,0.42788155944495543,418.74483997816145,497.6114573130274,15.562525086161957,17.07797963756329,1000,1
"['Lignin (wt%)', 'Co-polyol type (PTHF)', 'r', 'Copolyol (wt%)', 'Isocyanate (wt%)', 'Isocyonate type', 'tin(II) octoate', 'Sratio(%)']",Fixed Stacking Ensemble,0.36138087407264124,452.3697239927095,15.658939608478287,0.26900718675208635,0.45375456139319614,381.8995681622702,522.8398798231489,14.587221205977691,16.730658010978882,0.39808672994011773,441.0341697709271,15.910351819109867,0.35686723236273576,0.4393062275174997,411.5464198522905,470.52191968956373,15.335630536357517,16.485073101862216,1000,1
"['Lignin (wt%)', 'Co-polyol type (PTHF)', 'r', 'Copolyol (wt%)', 'Isocyanate (mmol NCO)', 'Isocyonate type', 'tin(II) octoate', 'Sratio(%)']",Fixed Stacking Ensemble,0.31282307672209375,492.6704345804953,16.098696945344436,0.18604155395517818,0.4396045994890093,376.24036064223884,609.1005085187517,14.631917405728096,17.565476484960776,0.3852883237685832,450.5527540342053,16.059630843607255,0.32731434174846136,0.443262305788705,407.953623215483,493.1518848529276,15.206718057965771,16.91254362924874,1000,1
"['Lignin (wt%)', 'Co-polyol type (PTHF)', 'r', 'Isocyanate (wt%)', 'Isocyanate (mmol NCO)', 'Isocyonate type', 'tin(II) octoate', 'Sratio(%)']",Fixed Stacking Ensemble,0.3016940689273083,497.3042375505882,16.47838277804201,0.1825404340618314,0.42084770379278524,395.21826255912356,599.3902125420528,15.130207895774944,17.826557660309078,0.379911268376611,454.53351800206076,16.35983331135852,0.32782652216605,0.43199601458717196,415.86500961136124,493.2020263927603,15.566533147627167,17.153133475089874,1000,1
"['Lignin (wt%)', 'Co-polyol type (PTHF)', 'r', 'Copolyol (wt%)', 'Isocyanate (wt%)', 'Isocyanate (mmol NCO)', 'Isocyonate type', 'tin(II) octoate', 'Sratio(%)']",Fixed Stacking Ensemble,0.31294176403187074,489.74344678009686,16.302828003449505,0.2066328090795313,0.4192507189842102,395.08803150293,584.3988620572637,15.07602415050907,17.52963185638994,0.3724352961284211,460.0090342607009,16.331213363496573,0.3201904769996233,0.4246801152572189,421.3430959649015,498.6749725565003,15.571498503057914,17.090928223935233,1000,1
