Actual_Values_C,Predicted_Values_C,Residuals_C
63.27,55.65915726242129,7.610842737578714
19.490000000000002,18.13514801448848,1.354851985511523
52.66,41.29648805711641,11.363511942883584
16.57,23.721544908783272,-7.151544908783272
51.03,45.89851358725282,5.131486412747179
65.53,59.85346488792351,5.676535112076493
19.759999999999998,29.11633661088116,-9.356336610881161
8.740000000000002,53.40618606500677,-44.66618606500677
25.25,38.01154363633846,-12.761543636338459
33.56,42.81871213799992,-9.258712137999915
58.6,56.97415693444971,1.625843065550292
10.369999999999997,12.831137317251248,-2.46113731725125
53.29,48.12421158990847,5.16578841009153
64.55,56.04328600965534,8.506713990344657
87.41,15.870680293292821,71.53931970670718
74.68,58.6234158505766,16.056584149423408
76.9,31.542020003528688,45.357979996471315
42.44,45.007085927299755,-2.5670859272997575
45.07,28.759191022703433,16.310808977296567
70.45,64.29914482820408,6.150855171795925
69.06,57.50467320855347,11.555326791446532
14.399999999999999,52.451103008638235,-38.051103008638236
2.510000000000005,56.10435861205723,-53.59435861205723
68.7,60.039196848012075,8.660803151987928
59.11,59.56164224310179,-0.45164224310178724
67.26,66.26520504134929,0.994794958650715
70.43,65.21561162369565,5.214388376304356
52.6,46.5332076899007,6.066792310099302
20.299999999999997,23.95567854584874,-3.655678545848744
65.53,56.363428335964386,9.166571664035615
21.350000000000005,42.15314643820486,-20.803146438204852
16.299999999999997,58.744572841882515,-42.44457284188252
10.920000000000002,37.73203083076593,-26.812030830765927
57.93,58.702754249688574,-0.7727542496885746
9.54,28.426003708811564,-18.886003708811565
60.26,58.90171206879833,1.3582879312016658
52.89,48.90865668416068,3.981343315839318
70.08,44.9085984946786,25.1714015053214
93.5,60.06299895685565,33.43700104314435
2.4299999999999926,19.57959661515494,-17.149596615154948
53.05,51.32865042770301,1.7213495722969867
56.54,57.00597001233176,-0.46597001233175916
59.31,48.07001082398774,11.239989176012266
76.07,58.82430169103684,17.245698308963156
75.01,60.72493958414796,14.285060415852044
11.269999999999996,18.32562569905013,-7.0556256990501325
24.19,24.393965327268596,-0.20396532726859462
60.77,57.8037178775475,2.9662821224525047
73.61,61.80474098713117,11.80525901286883
10.899999999999999,26.957043648962987,-16.05704364896299
55.55,51.93818021431244,3.6118197856875582
55.32,56.83935366366598,-1.5193536636659815
72.42,61.76915858257353,10.65084141742647
67.74,61.92250295973066,5.817497040269338
-16.61,50.81826454981276,-67.42826454981275
39.38,45.9463749957453,-6.566374995745299
18.379999999999995,1.632858010021188,16.747141989978807
17.090000000000003,23.459442660803973,-6.369442660803969
27.189999999999998,39.1460617864348,-11.956061786434802
43.75,58.04625382428303,-14.296253824283028
8.810000000000002,35.08689335844265,-26.27689335844265
58.77,22.18013374340423,36.58986625659577
60.95,69.19388621523612,-8.243886215236117
63.01,43.84949435241505,19.160505647584948
12.170000000000002,21.41928072750348,-9.249280727503479
44.37,50.31599431595054,-5.945994315950543
9.909999999999997,19.539533086152538,-9.629533086152541
71.25,65.55067960721058,5.699320392789417
73.89,36.74824929661598,37.14175070338402
68.28,62.4567397239106,5.8232602760894
8.57,10.626815801258296,-2.0568158012582956
77.37,67.05638276655284,10.313617233447161
8.96,21.590805542235803,-12.630805542235802
61.71,64.10315384633039,-2.393153846330385
3.1000000000000014,7.479593638300123,-4.379593638300122
65.85,61.350465719657116,4.499534280342878
67.88,62.71209603996087,5.167903960039126
87.05,54.073565033790956,32.97643496620904
42.59,41.76831908101432,0.8216809189856846
100.2,30.918955382162594,69.28104461783741
68.35,11.013637434052718,57.336362565947276
62.29,40.62104877131271,21.66895122868729
49.07,20.93386014185826,28.13613985814174
53.8,47.19434194005363,6.605658059946364
63.93,61.21749385241167,2.7125061475883285
62.27,66.86116540193575,-4.591165401935747
62.87,50.56197565360716,12.308024346392834
68.45,65.78987996486234,2.660120035137666
72.08,57.05344010729809,15.026559892701911
13.869999999999997,31.305486711045948,-17.43548671104595
39.26,39.43768529401032,-0.17768529401032396
53.19,50.774190045413874,2.4158099545861234
-16.739999999999995,17.914349021069775,-34.65434902106977
64.51,33.56753598530907,30.942464014690934
10.939999999999998,44.7983924255759,-33.8583924255759
14.310000000000002,25.342846319222417,-11.032846319222415
53.61,59.36521822211535,-5.755218222115353
-17.739999999999995,19.08218298744383,-36.822182987443824
9.700000000000003,29.86227608106744,-20.162276081067436
24.23,33.23749168210125,-9.00749168210125
71.05,59.45089290579355,11.599107094206445
16.57,40.901172292871735,-24.331172292871734
26.52,44.13688628915725,-17.616886289157254
64.88,41.18618047746364,23.69381952253636
88.66,60.42512350904789,28.234876490952104
41.31,50.722913410895636,-9.412913410895634
54.01,68.59019349819755,-14.580193498197552
3.519999999999996,50.99221010534442,-47.47221010534442
82.27,65.21695686474273,17.05304313525727
-11.079999999999998,31.28219087801223,-42.36219087801223
21.66,35.63383322056475,-13.973833220564753
60.08,56.47546040842076,3.6045395915792398
18.39,22.401236141000204,-4.011236141000204
18.620000000000005,41.05224689275456,-22.432246892754556
59.98,55.59933697744195,4.380663022558046
21.450000000000003,24.952706747849124,-3.502706747849121
65.82,58.92403906112794,6.895960938872051
9.869999999999997,32.53379203301295,-22.663792033012953
14.89,37.67879842839881,-22.788798428398806
7.390000000000001,30.435928419388574,-23.045928419388574
8.57,28.25859104579487,-19.68859104579487
55.89,61.13349064963137,-5.243490649631369
31.49,37.87637216613817,-6.38637216613817
52.75,50.02919345728802,2.7208065427119834
38.87,48.14087343722455,-9.270873437224552
10.0,39.97521827319237,-29.975218273192368
67.52,60.90860661385493,6.6113933861450676
3.5600000000000094,21.314016541986085,-17.754016541986076
82.12,63.32923501090296,18.790764989097042
62.55,67.34057195754826,-4.790571957548266
26.22,42.27521109342854,-16.05521109342854
44.25,51.23065916983548,-6.9806591698354765
73.06,58.38801450604465,14.671985493955354
60.5,47.81219611475772,12.687803885242282
65.41,58.370642474153215,7.039357525846782
59.98,68.50800378552199,-8.528003785521996
49.07,20.729293730535,28.340706269465
17.090000000000003,27.17455426329888,-10.084554263298877
65.53,55.4078056027823,10.122194397217704
43.75,53.74063298124108,-9.990632981241077
8.810000000000002,26.70858634035791,-17.89858634035791
65.53,56.03803787989244,9.491962120107559
18.39,20.01773010866483,-1.627730108664828
57.93,56.63760099555055,1.2923990044494502
58.6,58.43358890927215,0.16641109072784843
62.27,73.09395928840814,-10.82395928840814
70.08,41.65464057576487,28.425359424235126
71.25,64.83827388208269,6.411726117917311
9.869999999999997,24.029009096546847,-14.15900909654685
72.08,57.818931683947575,14.261068316052423
14.89,32.323444654387664,-17.433444654387664
45.07,24.692721330277,20.377278669723
53.05,51.761743929806045,1.2882560701939525
56.54,58.99530555005191,-2.4553055500519108
77.37,63.691357390292325,13.67864260970768
14.310000000000002,15.13067884511797,-0.8206788451179676
67.88,64.96711910812172,2.912880891878274
10.0,26.80184854653204,-16.80184854653204
82.12,64.26954517488585,17.850454825114156
62.55,66.41347948554724,-3.863479485547245
42.59,38.03323437697638,4.556765623023622
55.55,51.39543599701369,4.154564002986305
100.2,40.02788786150869,60.172112138491315
59.98,67.02343869226002,-7.043438692260018
19.490000000000002,27.566901320466236,-8.076901320466234
16.300000000000004,66.9497199598353,-50.6497199598353
51.03,22.828554061966432,28.20144593803357
18.619999999999997,44.23198223934865,-25.611982239348656
58.77,26.755885715005856,32.01411428499415
9.54,30.16143200598726,-20.62143200598726
53.8,46.41118598535454,7.388814014645455
60.26,61.746798544495825,-1.4867985444958265
65.82,64.74962951653063,1.070370483469361
52.89,52.47831921642351,0.41168078357649307
64.55,55.48849563611044,9.061504363889554
73.89,46.77239139672844,27.117608603271563
53.19,53.12544774163633,0.06455225836366907
64.51,23.251157339162237,41.25884266083777
69.06,56.841286201987245,12.218713798012757
10.939999999999998,60.07297415943305,-49.132974159433054
8.96,23.59985019288661,-14.639850192886609
14.399999999999999,29.948001986660774,-15.548001986660775
31.49,41.51736110635267,-10.027361106352675
53.61,63.20039977670517,-9.59039977670517
9.699999999999996,29.687625239127602,-19.987625239127606
26.52,39.458807837058146,-12.938807837058146
64.88,58.35245363107225,6.527546368927744
26.220000000000002,42.912782357039774,-16.69278235703977
44.25,46.556498028149036,-2.3064980281490364
88.66,62.90073506828007,25.759264931719926
-16.610000000000007,61.070326098874496,-77.6803260988745
-11.079999999999998,31.5777795185303,-42.6577795185303
27.19,50.42405832521131,-23.23405832521131
21.35,41.36108387569206,-20.01108387569206
16.57,25.254559331676997,-8.684559331676997
59.98,56.816421960041495,3.1635780399585016
33.56,54.183988663799376,-20.623988663799373
44.37,50.48088285858244,-6.110882858582443
62.87,50.52767111135863,12.342328888641369
93.5,66.07064959246145,27.42935040753855
13.869999999999997,39.88981248193965,-26.019812481939653
74.68,56.581887863235714,18.098112136764293
42.44,56.706420855890535,-14.266420855890537
70.45,62.705664213502104,7.744335786497899
7.390000000000001,30.69129220624063,-23.30129220624063
76.07,61.730948767842264,14.339051232157729
55.89,66.30613843455473,-10.416138434554725
11.269999999999996,19.66584525334264,-8.395845253342642
24.23,36.293530579425614,-12.063530579425613
38.87,49.45192762096531,-10.58192762096531
3.1000000000000014,18.34969377720691,-15.249693777206907
3.5600000000000023,21.11333262268799,-17.55333262268799
10.899999999999999,33.71234390901147,-22.812343909011474
2.509999999999998,52.983397285770764,-50.473397285770766
41.31,41.68774660889822,-0.37774660889822087
55.32,57.79664995726741,-2.476649957267412
68.35,13.028575196691122,55.32142480330887
65.41,58.27928859017954,7.1307114098204565
21.659999999999997,34.91421758130185,-13.254217581301852
18.379999999999995,23.59643689714463,-5.216436897144636
52.66,30.356985090443395,22.3030149095566
8.740000000000002,55.06695657222067,-46.326956572220666
60.95,65.2934988181068,-4.343498818106795
21.450000000000003,32.20988913123195,-10.759889131231944
25.25,39.56052908847946,-14.310529088479463
12.170000000000002,31.392808385523566,-19.222808385523564
9.909999999999997,27.357988093576864,-17.447988093576868
53.29,41.391229614820254,11.898770385179745
2.4299999999999997,25.546739481919584,-23.116739481919584
39.26,42.069690790592674,-2.8096907905926756
-16.739999999999995,17.954307405204062,-34.69430740520406
68.28,60.6409862887255,7.639013711274501
8.57,21.085350103679325,-12.515350103679324
8.57,31.585077903441295,-23.015077903441295
75.01,67.50852461143361,7.501475388566391
24.19,28.325813559888335,-4.135813559888334
52.75,50.749480317784126,2.0005196822158737
60.77,55.08224646472223,5.687753535277771
65.85,58.34498674258501,7.505013257414987
73.61,62.13466427301904,11.475335726980958
62.29,35.14191467123199,27.148085328768012
67.26,64.8312296094654,2.428770390534609
72.42,45.795547540716974,26.624452459283027
67.74,62.175315843085706,5.564684156914289
52.6,40.29947318599399,12.300526814006012
20.299999999999997,15.569598416947343,4.730401583052654
39.38,45.81177404292529,-6.431774042925291
63.27,58.703518526357556,4.5664814736424475
60.08,63.024851017510116,-2.9448510175101177
10.920000000000002,46.34718522428131,-35.42718522428131
19.760000000000005,37.20260152473486,-17.442601524734854
63.01,19.42222254550359,43.587777454496404
63.93,63.03947401077171,0.8905259892282871
10.369999999999997,11.19659736147134,-0.8265973614713431
68.45,67.5262872879575,0.9237127120425015
87.41,15.371984231061099,72.03801576893889
76.9,21.06345774306004,55.836542256939964
59.31,51.53038420555689,7.77961579444311
-17.739999999999995,11.084953190183256,-28.82495319018325
71.05,57.04809472589405,14.001905274105944
61.71,63.86875915211317,-2.15875915211317
87.05,53.44245217882816,33.607547821171835
67.52,65.49586955711183,2.024130442888165
16.57,32.24622981917806,-15.676229819178062
68.7,59.4543485396352,9.245651460364805
59.11,59.40906637769049,-0.2990663776904938
73.06,64.31272117342783,8.74727882657217
60.5,36.75838321703565,23.74161678296435
70.43,56.80939460017693,13.620605399823077
54.01,68.45644811190944,-14.44644811190944
3.520000000000003,48.789904776429,-45.269904776428994
82.27,61.188483000037934,21.081516999962062
