n_estimators,Model,Train_R2,Train_R2_CI_Lower,Train_R2_CI_Upper,Train_MSE,Train_MSE_CI_Lower,Train_MSE_CI_Upper,Train_MAE,Train_MAE_CI_Lower,Train_MAE_CI_Upper,Val_R2,Val_R2_CI_Lower,Val_R2_CI_Upper,Val_MSE,Val_MSE_CI_Lower,Val_MSE_CI_Upper,Val_MAE,Val_MAE_CI_Lower,Val_MAE_CI_Upper,Test_R2,Test_R2_CI_Lower,Test_R2_CI_Upper,Test_MSE,Test_MSE_CI_Lower,Test_MSE_CI_Upper,Test_MAE,Test_MAE_CI_Lower,Test_MAE_CI_Upper
1,GradientBoosting,0.31948425498328814,0.27421767828238003,0.33537310321415725,491.5011618798447,408.27927249455564,585.8586391963087,19.644376849112426,17.784525666142752,21.702230319588264,0.19664716391867176,-0.20630358483563568,0.30399079824446756,622.2274784519091,306.02926601375344,1052.249615914795,21.19175997596154,15.015918829126603,28.173841378205125,0.20075702041165278,-0.21486935676194294,0.30725732170951325,597.4524420824894,305.8335086723504,1025.5374232936088,21.198555809294874,15.655693287259616,27.583974071514422
1,RandomForest,0.44691272803787097,0.2097316806533572,0.6226902347794044,399.4661971908736,267.95601737066363,559.5573991248185,13.851876626845375,11.251874064528199,16.731673653817587,0.25145242860899153,-0.7689619357934425,0.6573209360089697,579.7787061036469,244.62267707794393,1011.6389800506115,18.70327083333333,11.898452743426915,26.149496606227714,0.0032232395048911178,-1.392007902737499,0.5907211403227232,745.1134698431802,274.36202453197154,1305.0607990596034,19.879062017231135,10.88116938920455,29.175554439616757
1,SVR,0.40181328796513927,0.1804769425250826,0.5808962397640208,432.03917931244627,275.6705355599991,607.354542552263,15.221896625502172,12.59645987440129,17.887116864189295,0.27349057689702194,-0.7056941794211101,0.6982096912820954,562.7093178807836,192.36347808767715,1041.3058314210555,17.942909502635338,11.51871831701366,26.106336000475615,0.5038541844148094,-0.25078890787733776,0.7631936901195207,370.8803664475783,157.83186162242146,640.2678669416406,15.45173393241572,10.23834786077246,21.141621268780103
1,Lasso,0.30559526218579336,0.17090365622304535,0.4070716786550218,501.5324596819871,381.71564283411226,631.5750561022327,18.44300065236816,16.023170279289396,20.773798872258066,0.23883117297062406,-0.2811914887260981,0.48022934622143487,589.5543510233385,263.14921911524164,970.5086279017117,19.58553949391207,12.424360600510713,26.692105686239696,0.32156248293766954,-0.09831912855049653,0.49723324789652,507.14759055880427,270.0595571095009,827.5710001639353,19.090685824509425,13.408831555339518,25.051085871557223
1,ElasticNet,0.3939471816531792,0.2134948545146502,0.5417309113406381,437.7204591654257,306.5787692104391,587.7637783725334,16.037699775725084,13.437073654408012,18.63153692795164,0.29809225616504786,-0.3482746266690881,0.6036799181844578,543.6543769269476,229.29798856278111,922.0822964231812,18.50927448465007,11.917429981342925,25.727998102867584,0.46614595189963814,-0.033155219081492965,0.6549919819981623,399.0681343456547,196.4546702218248,636.5835426008281,16.57600186303262,11.297224721301813,22.204925286633106
1,Ensemble,0.736960279533454,0.65497681285145,0.8048510243676468,189.97992210552306,136.81395254871856,246.2762074744283,10.017695020968407,8.21929453673093,11.845097425787943,0.46181822379272075,-0.23778854232950802,0.7676537966818322,416.84235683002424,140.42269820143355,773.1656977440953,15.50260756437934,9.412031900333545,22.425088034881934,0.3956180430881032,-0.4937063203705337,0.7056916727966279,451.7893623458375,208.93160422925976,714.8410339807109,16.49671127806264,10.059240828622164,23.119799724895756
10,GradientBoosting,0.8142128900210976,0.7782368913202697,0.8386656681673617,134.1843757262171,108.3257618777821,162.65371101801233,9.99927925353426,8.906962834189677,11.129517104591754,0.44602729665521623,-0.12293293540479247,0.6960827147746916,429.073033481538,149.94697432157264,810.0689727803102,15.989472651377055,10.022512695151475,22.681989600669983,0.5333397517114075,0.17720635426542433,0.6853539525501933,348.83922922468594,168.37679521315957,561.4895462638723,15.256476959192117,9.948001483355153,21.01604746306914
10,RandomForest,0.7370881255368947,0.6391689416367047,0.8185586413723899,189.88758558033174,121.53104723941192,261.28177663973696,9.77593330386541,7.931670889818805,11.677693081645979,0.2896864265997484,-0.7485003982551206,0.7064790262302122,550.1650132249731,173.97170334779705,1056.26097255135,17.581137041782767,10.823378237185734,26.11587242890815,0.5129142629273744,-0.00714202345627648,0.7187884077457193,364.10775014561335,187.0027681531636,540.265041302559,15.738294648901954,10.54188116089474,20.634513253925274
10,SVR,0.40181328796513927,0.14614819533903387,0.5798987163638514,432.03917931244627,283.7756064191892,636.6245400985824,15.221896625502172,12.736073116302729,18.346466787068394,0.27349057689702194,-0.7121316093565194,0.6871850602333033,562.7093178807836,183.89420713701062,1001.7459720772057,17.942909502635338,11.300355210698985,25.217062753405564,0.5038541844148094,-0.2273869841764326,0.7628836609079575,370.8803664475783,157.13032001261342,625.5273647216367,15.45173393241572,9.963957858882356,20.996552367756866
10,Lasso,0.30559526218579336,0.1608602490147859,0.41501109234719774,501.5324596819871,373.8431876281841,640.5664707870494,18.44300065236816,15.984434119770587,20.9499487587988,0.23883117297062406,-0.2683079907704845,0.4934685094897532,589.5543510233385,278.6695667132542,985.276639282097,19.58553949391207,13.201014871206244,26.572303731092752,0.32156248293766954,-0.06754493765127395,0.49124367184474427,507.14759055880427,273.51359547454945,808.2347596588079,19.090685824509425,13.717700774445461,25.026439288398524
10,ElasticNet,0.3939471816531792,0.1981618374617583,0.5314797827300634,437.7204591654257,312.53827455097326,614.9956540883194,16.037699775725084,13.632639204128278,18.850274492119578,0.29809225616504786,-0.38130458445668713,0.5932433752246186,543.6543769269476,233.72465995000022,919.0337719513748,18.50927448465007,12.108888096866966,25.83946955412718,0.46614595189963814,-0.04220376389295809,0.6479722506083126,399.0681343456547,199.01371803777363,623.3113748725141,16.57600186303262,11.189393454536813,22.133907903756413
10,Ensemble,0.9419373151071678,0.8950772269208251,0.9708222575628196,41.93566026306932,21.299292627056726,71.81311289447751,3.918006212799465,3.0128357834106447,4.940635965690486,0.49395097108732355,-0.40122118130909956,0.8519663108342448,391.95431582629647,81.2731134606953,873.6664180335658,13.41351354680879,6.952810106868352,21.7342333041958,0.547348023295791,-0.0005183564264689368,0.7639473074423754,338.36772521253266,182.85645074837402,514.2124489293948,15.173683784973463,9.999660838248227,20.59033805887744
50,GradientBoosting,0.9995410795875447,0.9993780393752555,0.9996615490128089,0.3314543676379475,0.23813258318349442,0.4369612176657072,0.4285004678857477,0.3579278807190629,0.503666998338144,0.43751987858366026,-0.5540761942845824,0.8202796521952462,435.662353960721,118.99205920335237,978.8132179709138,14.657170410008865,8.232932014795571,22.9995030194331,0.7713604365092733,0.47155852972407836,0.8788870137302853,170.91331303850296,81.91002939062153,273.3828891378346,10.69270101312648,7.024281650403548,14.444138046360168
50,RandomForest,0.7472643312768988,0.6634173277895721,0.812347276739488,182.53784094713808,125.1304755442757,249.48479168480193,9.803075696591197,8.166997096968224,11.603737805494712,0.3140530942681896,-0.6084329639217124,0.763032754525104,531.2920977379666,139.00624335215483,996.9391468740022,16.872655229736402,9.730596932037578,24.61763099533766,0.5672314028348534,0.04648896249732872,0.7473056120051609,323.50444337478126,177.34694335570816,490.5086200750149,14.516711164312067,9.530892651903784,19.85770918420532
50,SVR,0.40181328796513927,0.16918224877496155,0.576547480094871,432.03917931244627,286.9879461238386,631.013624772347,15.221896625502172,12.842304391738864,18.064905969107016,0.27349057689702194,-0.7638481167914583,0.7179270537545178,562.7093178807836,167.81237551728356,1098.4134679691829,17.942909502635338,10.708027335478576,26.932052916910855,0.5038541844148094,-0.30107436325939535,0.7589705344514697,370.8803664475783,162.81954397727523,642.0243291891348,15.45173393241572,9.989170329190138,21.29945583853249
50,Lasso,0.30559526218579336,0.1772020181863393,0.4124361669380514,501.5324596819871,376.49378469590914,653.8105454232032,18.44300065236816,15.990533310730807,21.197116192308638,0.23883117297062406,-0.26373461321781216,0.4876561218560583,589.5543510233385,275.6212910769927,948.6632493648392,19.58553949391207,13.154429289456623,26.603629163543495,0.32156248293766954,-0.08014167524372785,0.4932772110842668,507.14759055880427,258.78439618425125,802.8093610805915,19.090685824509425,13.26262063564025,25.155290499750762
50,ElasticNet,0.3939471816531792,0.20780829505611323,0.5386287576775972,437.7204591654257,300.6534483720144,587.5459188252984,16.037699775725084,13.391625953397295,18.60392365570108,0.29809225616504786,-0.36946952020025103,0.6136731250360489,543.6543769269476,233.72991221993342,923.9996119827897,18.50927448465007,11.986935701907925,25.867492266948855,0.46614595189963814,-0.031253689953416035,0.6637827958447864,399.0681343456547,205.7057446969263,622.6130458886171,16.57600186303262,11.65192821545238,21.937945302336647
50,Ensemble,0.997264476874313,0.9961556660437615,0.9980979868777452,1.9757262112889433,1.3300743040961205,2.757234969886414,1.043171980436999,0.8623617025949257,1.2338337565735242,0.43067641894080944,-0.5860222679449688,0.8171821146847691,440.96287503466095,112.95929354116544,975.2159808224412,14.804877319481628,8.44694832018385,23.113332555247855,0.7698664537378128,0.42333342541178204,0.881706141458006,172.0300993951351,82.57353513600661,290.87085997545233,10.634567252649791,6.839320914412125,14.628310147071307
100,GradientBoosting,0.8066049327048564,0.7736221355907289,0.8304784005265625,139.67920797344595,111.99909017459767,168.09590110913808,10.239747568765555,9.104865411017514,11.335216114718987,0.4531297594644318,-0.13929093871254528,0.6870459403684678,423.5719045552573,156.74471779478804,777.0790740839095,16.111079632741614,10.411840946658854,22.928179455829834,0.5562074039833678,0.25720883537310285,0.6964570538475043,331.7451351337842,168.4718916882912,524.8432550884323,14.935876223048847,10.01404213223558,20.072789049097025
100,RandomForest,0.7427291786915328,0.6534393697951025,0.8166525080791094,185.81334600537167,121.94092075457218,257.63317538772685,9.789540324806943,8.010088544929086,11.632523985368618,0.3129555018967096,-0.6519397863884974,0.7740422508893048,532.1422249834313,135.33250350044878,1035.218700836309,16.96185492815121,9.777202290732113,25.11088272793766,0.5783131490024331,-0.015621034315718206,0.7615683306955948,315.22058417370465,162.77834089901467,484.6140284151939,14.291594860225771,9.327848835018337,19.934154891557043
100,SVR,0.40181328796513927,0.15859567373806824,0.5840191826581181,432.03917931244627,275.0883113450785,625.7349241301928,15.221896625502172,12.62079932338255,18.12716375245535,0.27349057689702194,-0.7247001483561284,0.6970517175494131,562.7093178807836,178.0482238662721,994.6544225742477,17.942909502635338,11.363870586230002,25.099886301008446,0.5038541844148094,-0.24519980875376884,0.7741244459614443,370.8803664475783,156.55713866262107,626.7302723399598,15.45173393241572,9.673976054418967,21.374114956920128
100,Lasso,0.30559526218579336,0.16593452764558272,0.41104664863598345,501.5324596819871,382.66328468408756,639.3543538943757,18.44300065236816,16.12186295634154,20.911017060518542,0.23883117297062406,-0.3078496515719762,0.4761461105438984,589.5543510233385,272.34480335582987,980.9518748039037,19.58553949391207,12.835221449656167,26.522332534553527,0.32156248293766954,-0.09883440665809144,0.5067639966384734,507.14759055880427,270.9141775009656,776.5062503325425,19.090685824509425,13.554642730567904,24.74210866517506
100,ElasticNet,0.3939471816531792,0.19696694798642364,0.535869161770565,437.7204591654257,309.7041144159711,613.0451898664064,16.037699775725084,13.684235741244528,18.89787696134273,0.29809225616504786,-0.35844834497876604,0.5982289428270798,543.6543769269476,217.1373904095865,901.9127355735609,18.50927448465007,12.009635645528126,25.677682121697067,0.46614595189963814,0.0010919655055853204,0.6511595495141482,399.0681343456547,205.83694398896532,629.4511255931956,16.57600186303262,11.601117787583323,21.778748543939322
100,Ensemble,0.9464478085690182,0.9027891552222999,0.972383139697621,38.6779652084215,19.776580343044007,66.5692863839192,3.826385994625935,3.0076686942557753,4.833507430346341,0.4936477449218942,-0.2864959322719348,0.854739981083797,392.18917608176787,100.26806009174486,861.4992175083491,13.551048016958006,7.736569474323749,20.784384149057328,0.6086419532881293,0.06011097683600755,0.7980689165267523,292.5491079784883,155.2606523335152,434.17562539185434,14.263603138540011,9.66101884338972,18.68398018110235
200,GradientBoosting,0.9617974897195445,0.9485393028506132,0.970791762836767,27.59168810871451,19.926339595732177,37.045497772442474,4.21812695449582,3.612408676489555,4.824796315708604,0.458562984255676,-0.35941705369373744,0.7742087596486847,419.3636642779104,146.20374186501934,828.8732860435139,15.306543746945351,9.423159386796089,22.087616729486847,0.7676488060144158,0.5163556963237834,0.8488414246127463,173.68784188629172,88.90585803869054,267.13595989466256,11.121941226346433,7.815250386314429,14.560532667196636
200,RandomForest,0.7412799113147321,0.6572360710945481,0.81714772166261,186.8600765252578,123.40353851802476,259.08389526885975,9.81232257138749,7.996636788421816,11.619721331232114,0.3188052082534657,-0.6739680718589681,0.7547061680580647,527.6114038142384,148.13943999169703,996.1860060022395,17.14999104682382,10.377815908997142,24.797618983029626,0.5774968600608712,0.0774108790180939,0.7562062172953992,315.8307788629747,154.3516097167156,472.16519440084545,14.406055343279842,9.039459366713576,19.636829123200506
200,SVR,0.40181328796513927,0.15554172264403263,0.5931409055493921,432.03917931244627,289.768660094239,627.8670124847923,15.221896625502172,12.834013745595552,18.026707808641312,0.27349057689702194,-0.6730013523747589,0.7008271689326632,562.7093178807836,198.98344516006165,1017.7119955058167,17.942909502635338,11.412012328907922,25.38165300313882,0.5038541844148094,-0.31579944835952467,0.7667203277503293,370.8803664475783,157.26125327572717,626.7435283862629,15.45173393241572,9.887168653878385,21.073574036945566
200,Lasso,0.30559526218579336,0.16806538999615922,0.4102503654300092,501.5324596819871,369.76468452589114,644.8894803192806,18.44300065236816,15.977227689019339,20.98703083203651,0.23883117297062406,-0.32969262728818677,0.4928682420029249,589.5543510233385,266.4201114463956,1015.5196923468706,19.58553949391207,12.73130981404941,27.363357402270218,0.32156248293766954,-0.05446051981498696,0.5139290622066642,507.14759055880427,257.58213254956246,793.4618881824459,19.090685824509425,13.070573901155157,24.836024136496064
200,ElasticNet,0.3939471816531792,0.20382573945001217,0.5421366862739055,437.7204591654257,308.40535207655546,586.5340434947021,16.037699775725084,13.705091230218288,18.62782870679434,0.29809225616504786,-0.47822085300330985,0.5825641837801103,543.6543769269476,237.14286375986723,922.2495513483842,18.50927448465007,11.907836203554968,25.971303032280726,0.46614595189963814,-0.04793725332762973,0.6528485694016113,399.0681343456547,205.98009695859625,642.0092143800629,16.57600186303262,11.383864535536421,21.969851136760173
200,Ensemble,0.9846322718279809,0.9713978807066961,0.9931781372012614,11.099311525577587,5.044844990189942,20.44386808153472,2.028748829719418,1.5319366315540768,2.597512734821865,0.44183841511972144,-0.43318536845446937,0.8160291963836691,432.31748234423026,124.80744253438706,874.2021455420163,14.706557962037703,8.443756904639464,21.848178353696753,0.7577908198179044,0.35139868471672736,0.873789092561064,181.05691246624806,92.13111810450013,292.74068574523494,11.227425774353726,7.9286406850162585,14.9680968318054
300,GradientBoosting,0.9921808705918623,0.9894149865408037,0.9942740447531373,5.647350876347651,4.033797344251001,7.6595481271492085,1.7832459110274483,1.5104846079573973,2.100120008013129,0.4459648275362089,-0.5476252037054756,0.8043859277084615,429.1214182019936,115.43301853072984,898.6134271081148,14.931165915451276,8.417634953910786,22.762712649476228,0.7745121843233297,0.40547402679241973,0.8741818982298323,168.557309324456,83.12709965946833,261.5029231446933,10.69423475544179,7.1176897372424275,14.260889132148009
300,RandomForest,0.7397582489572732,0.6388746035897338,0.8153501062021954,187.95909417790818,123.14361952402622,270.23611799672216,9.815338211152042,8.0412257238706,11.846030593878217,0.3210652306555438,-0.6452743872239267,0.7351779793537566,525.8609300780039,156.43295208621842,993.3372980163214,17.09909241153263,10.245208102727014,24.996437446330916,0.5763677586790764,0.10595707542913758,0.7595044550968965,316.67480801948903,156.5251357815653,469.5635350745984,14.422885611912246,8.886245131580159,19.21734479265451
300,SVR,0.40181328796513927,0.16260621392240387,0.5948614933871235,432.03917931244627,272.7405839478815,634.1678706394457,15.221896625502172,12.580151915722794,18.093478753455493,0.27349057689702194,-0.9358054602025776,0.7018487892395125,562.7093178807836,175.26679152081442,1068.6054936131675,17.942909502635338,10.943704685839869,26.391662099162804,0.5038541844148094,-0.21932205868394958,0.7659821012028654,370.8803664475783,159.3637251158267,642.3323808324343,15.45173393241572,9.8666576170385,21.34286086322731
300,Lasso,0.30559526218579336,0.1669478770276514,0.4111415680804744,501.5324596819871,377.9688650179999,648.2033814343703,18.44300065236816,16.07369785955354,20.897290534890644,0.23883117297062406,-0.29337434975342724,0.4948997913719169,589.5543510233385,263.0171545472177,984.3789018301467,19.58553949391207,12.850789328056004,27.257486666863045,0.32156248293766954,-0.08335651980283243,0.48845853202152767,507.14759055880427,266.5135375909147,800.9590025317822,19.090685824509425,13.422752745603532,24.691445942703037
300,ElasticNet,0.3939471816531792,0.20168308406370614,0.5367783507740285,437.7204591654257,305.1216964936174,590.1727571471852,16.037699775725084,13.563188528795767,18.519849139330127,0.29809225616504786,-0.40966386372200364,0.5950750019084633,543.6543769269476,250.6123348901811,944.6212441727318,18.50927448465007,12.224280546695319,26.271119938928567,0.46614595189963814,-0.02118649306404825,0.6569018986863574,399.0681343456547,208.8476272445123,638.4954425192602,16.57600186303262,11.660907867649069,22.232149309907598
300,Ensemble,0.9942044029129846,0.9909959579088883,0.9965780423520317,4.185858626952967,2.38336034743778,6.391274136408914,1.3736869172451303,1.09468525217655,1.6776530842329038,0.4335066082714125,-0.4454830402119328,0.8135763484060586,438.77078521854384,126.34160455248376,940.1984443574921,14.783222257178355,8.603034181332635,23.041965495459326,0.7655024707512665,0.33971928442018046,0.8772156321351396,175.29227667927137,89.93097705492671,293.85607402543553,11.027493270644115,7.86935290951012,14.780290656051594
400,GradientBoosting,0.9984340336102614,0.9979597987402098,0.9988457802364311,1.131016153053788,0.7750051611409362,1.4659994965369774,0.8008412102905191,0.6568624323677644,0.9301713721000576,0.4495887304793713,-0.5320032954777985,0.8010990446232545,426.3145668544867,123.10618694637432,953.2422739774664,14.818246532690239,8.54592610259382,22.89608417110695,0.7696213102438672,0.42389176697056774,0.878399226668191,172.21334977438002,87.10942691714534,289.055488339232,10.81309902535667,7.622151053217628,14.456484182493169
400,RandomForest,0.7384462131946068,0.6478180092312873,0.8089988101896044,188.90670943369133,122.8390606327102,263.60333549940634,9.832093984058908,8.106655560153197,11.539510734477748,0.3268236827091501,-0.7389451676531706,0.7354529485999334,521.4007888546537,153.59540234116034,1040.3446061642985,17.04059878822197,10.260588364718235,25.746064670996503,0.5824488388746757,-0.03657675308335186,0.7707505084323965,312.12906122390064,156.56868930069183,471.05610795714153,14.249890319131552,9.117069571772548,19.101546353206057
400,SVR,0.40181328796513927,0.17739876911538682,0.5815899423807065,432.03917931244627,279.22759831690087,621.8482463909043,15.221896625502172,12.598595342899534,18.050976672731963,0.27349057689702194,-0.7533012184677987,0.714016507058459,562.7093178807836,178.12416001804823,1071.2285645269492,17.942909502635338,10.867551306363655,26.144838112282827,0.5038541844148094,-0.16582136445779377,0.7588991143315534,370.8803664475783,170.72663561201978,664.4444727026595,15.45173393241572,9.969865368784136,21.500748364906343
400,Lasso,0.30559526218579336,0.16545449570955972,0.41345745420143054,501.5324596819871,373.5686908342537,646.7348455720108,18.44300065236816,15.94327990023377,20.999456826883478,0.23883117297062406,-0.2690051847162379,0.48533402777746315,589.5543510233385,277.80948650973767,970.1922290655843,19.58553949391207,13.096831925427892,26.947489593529752,0.32156248293766954,-0.11818050001114368,0.48776565316621917,507.14759055880427,274.3817252455841,809.6290849043179,19.090685824509425,13.42830974365962,24.842410367328306
400,ElasticNet,0.3939471816531792,0.2087937780567796,0.5445851501275952,437.7204591654257,303.05208444417,593.1711768355899,16.037699775725084,13.55856874100022,18.518244895380178,0.29809225616504786,-0.33382143368120454,0.6165988618830882,543.6543769269476,218.6273601900704,944.265977300083,18.50927448465007,12.109615952021723,25.838010430910007,0.46614595189963814,-0.014291660637738592,0.6382779289325274,399.0681343456547,204.01240987492827,651.9829002822357,16.57600186303262,11.554136576834251,22.578957665757024
400,Ensemble,0.9967341921538407,0.995341311020349,0.9977645877296939,2.3587233103977616,1.5207217413893193,3.290469764240389,1.1282496259948556,0.9318343793288403,1.3251974636413686,0.43976341612688674,-0.40857967665050954,0.7969362179203461,433.92464837777504,136.1577901607063,954.8210072452464,14.883725526928238,8.944329993036396,23.62601956364053,0.7664034422230146,0.4527756802803595,0.8794753944374513,174.61877985816722,78.05733560405295,286.41730145442386,10.926780449081686,7.518093224435802,14.691947697104192
500,GradientBoosting,0.9996197619005455,0.9995168336886232,0.9997065591857877,0.2746262214231304,0.20294007847177734,0.3527940489414223,0.4141934281914939,0.35530454080616974,0.4749936750440814,0.450702918032435,-0.43289799190682243,0.7946383456784688,425.45158600656055,123.24346631767663,902.6409928091392,14.805014714558157,8.516186282368409,22.24537797925196,0.7646717536205748,0.44238493868391987,0.8810884938027964,175.91325677054118,76.2404166987312,281.34575930914644,10.923317353387286,7.4874403789574036,14.288816221793393
500,RandomForest,0.7377961231206474,0.6405824376766741,0.8140841452659873,189.37623571433562,126.90106386645559,271.23712366314277,9.805911744408768,8.08217559941775,11.835940134723995,0.3317001978729447,-0.6836192685768343,0.7349906253633055,517.6237414631222,152.67437731527212,1003.3816913391921,16.95057563790623,10.454109947704612,25.087384283972153,0.5819850356982359,0.06332287904371255,0.7451229201616698,312.47576472644784,155.0720246407724,480.5558049401037,14.270165298164661,8.936052822502328,19.560941565543907
500,SVR,0.40181328796513927,0.18630181399673618,0.5835483741090368,432.03917931244627,283.7566438045482,607.8586588937403,15.221896625502172,12.722953495379965,18.03008347398156,0.27349057689702194,-0.7958212413380149,0.6950670915833476,562.7093178807836,176.86060384820811,1045.1142431121966,17.942909502635338,10.940411778024744,26.135564668680974,0.5038541844148094,-0.23141196333791042,0.7585226117030858,370.8803664475783,155.01509868936952,640.4124786624429,15.45173393241572,10.138862517791361,21.05257265686254
500,Lasso,0.30559526218579336,0.17793437710925064,0.4150579342516198,501.5324596819871,375.4249921113717,640.5834514739595,18.44300065236816,16.044313970824575,20.943441112319885,0.23883117297062406,-0.26337239869381834,0.48161990568398216,589.5543510233385,281.47629702092445,952.975629767795,19.58553949391207,13.195619028025177,26.76680215110699,0.32156248293766954,-0.11300665565187311,0.5041406363295341,507.14759055880427,263.2209283964871,809.9215001711051,19.090685824509425,13.331598759871731,24.909800850491166
500,ElasticNet,0.3939471816531792,0.22497792771411626,0.5366564420812172,437.7204591654257,296.19805991930906,588.1999889451668,16.037699775725084,13.380435373855706,18.618424085417146,0.29809225616504786,-0.400868193654426,0.593928738085569,543.6543769269476,219.9462199630776,951.4245888121839,18.50927448465007,11.972882428440291,26.086971404870024,0.46614595189963814,-0.01911763182484214,0.6509952826463588,399.0681343456547,209.20096742976042,645.206383298681,16.57600186303262,11.486923683858679,22.73199928296175
500,Ensemble,0.9974177519500413,0.9963445741063373,0.9981179322179631,1.8650235885217763,1.2579466034460878,2.630318881157538,1.0021563711912203,0.8319207759172039,1.2004341109821217,0.4416647385433169,-0.40868768409286615,0.806231000971806,432.45200149117136,132.98115596701496,892.604842568912,14.9353490479336,8.825346119743195,22.106523335145543,0.7653179120375335,0.415250738102237,0.8865395949557182,175.430238546993,77.2348628826824,294.5682800966795,10.926101816819049,7.380446438147999,14.713520262169558
600,GradientBoosting,0.9998787526411315,0.9998414247354575,0.9999051970234762,0.08757066709353029,0.06591346535734104,0.11348816183001492,0.2371270083745278,0.20590717966024516,0.2707274633044514,0.44977100883446297,-0.5003356825105089,0.789283290838397,426.1733853011629,124.79500363716974,896.9889507591528,14.818504607128446,8.665008105848953,22.28986615490291,0.7632075732068773,0.39229761811436165,0.8826907248172751,177.00776518181743,79.91278200888611,295.8746551979698,10.92178491419288,7.526996019794778,14.759144092404851
600,RandomForest,0.7379401619604005,0.6430936604202403,0.8199446181300433,189.272203944883,119.50688377823131,266.4074810201516,9.784664479983592,7.923105383539108,11.62185347887762,0.3346277637974935,-0.6557385561487149,0.7567842131617457,515.356229752926,139.57015391419813,1007.763205348699,16.923343231031158,10.05837360338645,25.06983336819534,0.5833043794223834,0.11254955642864606,0.7697337582522947,311.4895250595769,157.79239659210012,478.39071585022486,14.21081664095248,9.03014962505734,19.46798691935922
600,SVR,0.40181328796513927,0.1715800060519904,0.5903933770415196,432.03917931244627,280.753778217948,609.9556023130664,15.221896625502172,12.682621783650742,17.96274844418639,0.27349057689702194,-0.6478646255639834,0.6897739303155391,562.7093178807836,194.73560902686634,1065.719219577077,17.942909502635338,11.26316924109209,26.332806114153875,0.5038541844148094,-0.24077582281100704,0.7586157505787964,370.8803664475783,164.70412424545142,633.896005221123,15.45173393241572,10.136690612213881,21.0151379926662
600,Lasso,0.30559526218579336,0.16669696963720107,0.40942061001312763,501.5324596819871,381.2255883192959,651.9936461086967,18.44300065236816,16.197897878204806,20.899599259067053,0.23883117297062406,-0.27128176875025983,0.4814842847968552,589.5543510233385,262.3877131857411,942.1200935979583,19.58553949391207,12.51326144686677,26.56778883436993,0.32156248293766954,-0.14440433629555413,0.4913372753911491,507.14759055880427,278.66989901892197,815.6585050209391,19.090685824509425,13.91486521697253,25.18252193350665
600,ElasticNet,0.3939471816531792,0.20508736018973997,0.5322419346941585,437.7204591654257,309.9778124377998,595.2701076879641,16.037699775725084,13.578106851824208,18.674269166906946,0.29809225616504786,-0.3814226202106519,0.6126956597682441,543.6543769269476,215.55860077649152,919.3155243928721,18.50927448465007,11.89374037733402,26.002488759438844,0.46614595189963814,-0.09019081992588125,0.6415715550263211,399.0681343456547,208.3759510172909,612.6460904681826,16.57600186303262,11.32162974804856,22.01417575862434
600,Ensemble,0.9976440760987099,0.9967684845598667,0.9984262962061397,1.701561416122932,1.0853306096970456,2.3950991401087913,0.9379746343707901,0.7684684637515218,1.1254059615634269,0.441155383995933,-0.5115744748794301,0.793338884861709,432.84651605740186,132.83946906201726,906.7358504854628,14.972403033653016,9.029977700835584,22.646954160654456,0.7652077367143919,0.37719482325114917,0.8795203713679344,175.51259712573471,83.20169517683603,295.91017774955793,10.894164712856377,7.714381070736957,14.643685763664863
700,GradientBoosting,0.9999608981841096,0.9999489967966912,0.9999702986321931,0.028241209821344433,0.021026141406601275,0.03705935842495685,0.13495810340516462,0.11652169994978426,0.1543547662620388,0.4480137389048461,-0.49944964553266025,0.799713668241617,427.53445803054854,124.34608214292999,915.0643704476756,14.833708029905486,8.64491799000827,22.801221401381476,0.761711220736176,0.42251034176585944,0.8843163704796381,178.1263229429342,84.89328892911544,292.6566736392921,10.955198330319844,7.636316866393396,14.734634497470912
700,RandomForest,0.9145495892711504,0.8837152106198222,0.9407067413555064,61.71639152200383,40.61733791965388,88.82798186111239,5.515375961538475,4.562200288461539,6.6415431421703355,0.33050948142920167,-0.5459453479337003,0.7959355374316534,518.5459968620767,111.31225793099456,1019.9284577604762,16.169516964285698,8.863742388392891,24.674723348214258,0.6995632459931878,0.3331230386905962,0.8516767030372041,224.58335819872505,94.24986117676606,380.84673375509396,11.87005714285718,7.505079084821473,16.688050066964312
700,SVR,0.40181328796513927,0.15919319887630312,0.5865458281672421,432.03917931244627,282.71884925141154,611.8736482953312,15.221896625502172,12.818712333367836,18.049125669164358,0.27349057689702194,-0.6548380649288393,0.7113712319133723,562.7093178807836,169.79214262738557,1047.0791552290405,17.942909502635338,10.791868343517205,26.08477244915167,0.5038541844148094,-0.3276079061913946,0.7634909515670735,370.8803664475783,155.47236786522356,646.700677849878,15.45173393241572,9.893684933146986,21.480626790487324
700,Lasso,0.30559526218579336,0.16709893039785703,0.4087635826274249,501.5324596819871,375.96136452505436,639.892827003309,18.44300065236816,15.944885691111608,21.033152387092887,0.23883117297062406,-0.37603010558956557,0.49398392567399674,589.5543510233385,271.41169065449486,977.1597413260913,19.58553949391207,12.998767050784258,27.08936433302179,0.32156248293766954,-0.08654608028100588,0.489008988597403,507.14759055880427,276.16204707042175,810.5080590638288,19.090685824509425,13.742768937698845,24.95054644328021
700,ElasticNet,0.3939471816531792,0.20769309572187558,0.532337442336866,437.7204591654257,305.6195002654445,611.1762967665474,16.037699775725084,13.604411826258001,18.941488818681346,0.29809225616504786,-0.4458344420489705,0.6085138046922677,543.6543769269476,221.4976944538028,927.7116322002621,18.50927448465007,11.479727844423671,26.04337546046034,0.46614595189963814,-0.051997791383655206,0.6521757163521995,399.0681343456547,214.34906975293794,632.5396665556203,16.57600186303262,11.800255130693294,22.34707668815884
700,Ensemble,0.9971537901094247,0.995891377629017,0.9981330027785327,2.0556695100967994,1.2689966958060062,2.943381146082495,1.0222902794651882,0.8369793033864995,1.2206474181557234,0.42714540246659627,-0.6321257874451044,0.8045783129726243,443.6977822615265,128.5558871873224,926.1941692856907,15.169852116753892,9.015186286024253,22.88495912188107,0.7649059129833702,0.425521125778324,0.8820070094664987,175.73821728103496,75.53676319808363,306.40184703470356,10.824028101303334,7.305771261492833,14.922381272913821
800,GradientBoosting,0.9999838733355583,0.9999789159514268,0.9999874918502263,0.011647451757558379,0.008893444027971868,0.014618965755334253,0.08837739988692296,0.07623781931971235,0.10031716787562077,0.4478818698229855,-0.48682971893924715,0.7944880829901867,427.63659567493914,136.18896154099397,910.1748107360979,14.836372792037718,8.835567289831344,22.854063681512503,0.7614445522764425,0.3737865952949029,0.8903201113233347,178.32566372735525,73.89242922640595,298.3273011607012,10.964922723152807,7.3437939346358,14.756719005372958
800,RandomForest,0.7373100020834873,0.6468187755141168,0.8160573156014985,189.72733567980745,122.46617017552101,263.3520728770844,9.788185043120306,7.913717688343181,11.60540905767281,0.33453530737654913,-0.6968375391165732,0.7539075722528027,515.4278407849496,143.9370291785025,968.8829366790405,16.94716407795555,10.26184294264036,24.49112282692028,0.5851549847450945,0.048759616865295306,0.7640372408011998,310.10615517379574,164.1384334482288,480.1209764655091,14.191460559276981,9.397424384083052,19.16873060265753
800,SVR,0.40181328796513927,0.1432768778974112,0.5920409389471467,432.03917931244627,279.09991864211514,637.5127356067916,15.221896625502172,12.554828967977153,18.224878152718997,0.27349057689702194,-0.6684637094528533,0.6889608999124601,562.7093178807836,195.54637568656426,1043.2645322145293,17.942909502635338,11.442742573109705,26.335088842853448,0.5038541844148094,-0.29523407774544846,0.7542549085064347,370.8803664475783,163.00747158152902,658.7119900547268,15.45173393241572,10.41723339996449,21.668630269281135
800,Lasso,0.30559526218579336,0.15695290000188122,0.4185905799290455,501.5324596819871,379.8144178093558,638.2958291917237,18.44300065236816,16.067075278746405,20.987060557689528,0.23883117297062406,-0.291983252681781,0.502583769720508,589.5543510233385,272.22250286175364,959.9018530285961,19.58553949391207,12.84523847890663,26.784825312588925,0.32156248293766954,-0.10640838441853528,0.4957782326413932,507.14759055880427,264.9948614948505,839.7805590051335,19.090685824509425,13.370290567272528,25.592634774071776
800,ElasticNet,0.3939471816531792,0.23308454652285213,0.5358009286245753,437.7204591654257,307.25102846456974,593.4581116890395,16.037699775725084,13.596175927366582,18.71670459521423,0.29809225616504786,-0.39396363477933494,0.592577127639909,543.6543769269476,228.28627237491654,880.8502857741722,18.50927448465007,11.82847375676053,25.054370323081397,0.46614595189963814,-0.07175885812296433,0.6530871460397146,399.0681343456547,195.1256524306595,638.6252912558527,16.57600186303262,11.10389063967427,22.360189533992127
800,Ensemble,0.9978076100164861,0.9969954039704376,0.9984787267596108,1.583449364811322,1.025875025961875,2.2093014692789312,0.875071096552577,0.7150502096147899,1.0461310071846317,0.43940579141311775,-0.5869942371166884,0.8049265930667328,434.2016423882351,121.06087168326516,927.5488928122393,15.007964009700018,8.715227300846632,22.92042785396149,0.7648501202827793,0.4176902246354994,0.882890790716236,175.7799236032294,77.63319832142857,308.85797033881255,10.893689106882688,7.326278193660908,14.981237621265317
900,GradientBoosting,0.9999919303276147,0.9999893477813724,0.9999939035556866,0.005828305050116476,0.004387039099131264,0.00756998235305646,0.06253461408077153,0.05423912129466931,0.07153410031575252,0.447516935032244,-0.524951813469955,0.8054788304907057,427.9192516194306,121.26482262628379,1004.4569806052075,14.841573833090777,8.527180799514754,23.43465543642342,0.7613246319475845,0.38407287109673577,0.8891122261688785,178.41530692117908,82.43436960226877,307.71158989906525,10.968906539730282,7.665649824682068,15.096819603458322
900,RandomForest,0.9125739590530834,0.878587129110635,0.9400043321700289,63.14328657143585,40.245702626867676,90.22892531416085,5.547010170463736,4.5033037488593255,6.634176388757596,0.33734030732886244,-0.6179689976002394,0.7909122985965552,513.2552611051426,108.80883116235154,1040.6943231384093,16.15279112226986,8.83906351878535,24.851413729658855,0.6983906572630012,0.27273684815884985,0.8536863597513122,225.45989514468505,90.60830138581832,389.2225878801153,11.876603900584403,7.516076250000616,16.7609605521255
900,SVR,0.40181328796513927,0.17434204067041767,0.5840853374552735,432.03917931244627,283.4936417316681,628.476642930511,15.221896625502172,12.591346639553313,18.10768294446804,0.27349057689702194,-0.6823442205466025,0.7162055313820849,562.7093178807836,181.42831777003332,1044.1699021626055,17.942909502635338,10.964915993165192,26.11358521491288,0.5038541844148094,-0.3268296511375252,0.7489322473682427,370.8803664475783,163.29880974806747,627.6990173568292,15.45173393241572,10.224242340730756,21.521010114086696
900,Lasso,0.30559526218579336,0.16792380528277046,0.4148603790010761,501.5324596819871,384.0136256596064,629.420060612401,18.44300065236816,16.118326887110523,20.869190015818532,0.23883117297062406,-0.3911921374863772,0.4922813975443315,589.5543510233385,268.58626990544775,992.5632501578724,19.58553949391207,12.80708387179242,27.466826313242763,0.32156248293766954,-0.10816304396048518,0.488118896193969,507.14759055880427,278.0378903289018,799.5677950386146,19.090685824509425,13.665760408888604,24.564982210071914
900,ElasticNet,0.3939471816531792,0.22841059288063248,0.5395663134408152,437.7204591654257,297.5642624230214,593.1322560747479,16.037699775725084,13.420271174964943,18.580536704338627,0.29809225616504786,-0.2939857967973903,0.6057084084750203,543.6543769269476,224.01186600253703,927.2802174379442,18.50927448465007,11.873019350536978,25.748665819589704,0.46614595189963814,-0.0017797736367857466,0.6540604954609168,399.0681343456547,201.66766387977583,628.1698336371105,16.57600186303262,11.502118736093294,22.196488586258823
900,Ensemble,0.9972116018373102,0.9959398849387313,0.998220204556901,2.0139151030399707,1.2184871363965488,2.8943177668574402,0.9905095284365834,0.8062627665451578,1.1867130907997645,0.4282778630544014,-0.5285430521006369,0.7971452760628392,442.820648249735,120.9781990554778,883.6955913763413,15.166137655549237,8.826546902325045,22.154466860898115,0.764948108095393,0.463383244106967,0.8827793882626368,175.70667546788695,80.96517703832505,293.1598942857689,10.830812077850846,7.702650884293591,14.449319407482934
1000,GradientBoosting,0.9999959762271728,0.999994676293525,0.9999969543408017,0.0029061620310496185,0.0021704087424303732,0.0037196849331242697,0.04392791443924844,0.03808088662675191,0.049905335302736505,0.4473354160049886,-0.43989897267930345,0.7952638162033042,428.0598450443211,122.47262943206574,865.373749581838,14.843914937315603,8.526663127433306,21.98718834711352,0.7611544513804178,0.41159059837770046,0.8834065169158393,178.54252079486372,79.16319191874018,303.5017495289913,10.972121573941916,7.599655035597842,14.953250789088289
1000,RandomForest,0.9130327901935434,0.8805408761649143,0.9374671645580677,62.81189668032138,40.03299816776795,89.4683152630549,5.5120205769230655,4.504583468750003,6.648852538461548,0.3354294510221205,-0.781385327680202,0.7803861741846874,514.7352923542109,125.32909416817462,1043.8700615526984,16.15804624999995,9.408015734374967,24.677302281249954,0.700699564089723,0.2605659292960319,0.8527132913039004,223.73393438256946,98.71320578008071,380.41287187752965,11.817516875000047,7.695406609375084,16.4524525000001
1000,SVR,0.40181328796513927,0.16122862801093152,0.593496389074657,432.03917931244627,282.3725974158641,627.8386652021251,15.221896625502172,12.606254049654394,18.197595848826726,0.27349057689702194,-0.892334097206738,0.7123764422417503,562.7093178807836,166.7286442150557,1007.0913999840852,17.942909502635338,10.735900484607084,25.74695706087808,0.5038541844148094,-0.28651117400426607,0.7610419191111774,370.8803664475783,167.34002831579696,633.2028791354219,15.45173393241572,10.3701328309422,21.43403955106317
1000,Lasso,0.30559526218579336,0.16695385380902011,0.42364521439223013,501.5324596819871,370.6497259446626,636.7957757939495,18.44300065236816,15.914246607579992,20.79025260450512,0.23883117297062406,-0.2820712104987354,0.4918973966521073,589.5543510233385,265.94168504693545,945.5543726697649,19.58553949391207,12.947058195652488,26.63817618264755,0.32156248293766954,-0.05622502322027329,0.5208056284180244,507.14759055880427,256.66039704664024,802.8650983832796,19.090685824509425,13.010219998473406,24.821084492001326
1000,ElasticNet,0.3939471816531792,0.19124799791306601,0.540100560495809,437.7204591654257,301.56835549491643,604.9799840730071,16.037699775725084,13.527518685450048,18.753536660123782,0.29809225616504786,-0.39517898701058474,0.5838463207304944,543.6543769269476,234.5532269677522,932.5025075966872,18.50927448465007,12.255902008305442,25.918351790317214,0.46614595189963814,-0.013977792523972686,0.6509963644394429,399.0681343456547,210.45087362290138,623.049452347195,16.57600186303262,11.609565451311152,21.93182679571075
1000,Ensemble,0.9972289253105405,0.9958601832854103,0.9982668274176875,2.001403258482619,1.234831230223114,3.00549858706888,0.9817362951262025,0.8051394356461707,1.2104520128735676,0.42775578238108847,-0.6154622795242977,0.790334895950972,443.2250196869338,132.81532113838938,973.8740009386112,15.16762183033071,8.86016873266679,23.364959746429246,0.7652523642919751,0.36530318545218876,0.8892058310803371,175.4792369888399,72.9129453694895,312.9897946886622,10.81383515455542,7.271135392214323,14.855490255809814
