Lignin (wt%),Co-polyol type (PTHF),r,Copolyol (wt%),Isocyanate (wt%),Tg (°C)
11,1000,0.6,8,14.5,55.26040241172227
32,650,1.0500000000000003,10,4.0,62.29070094212927
8,250,1.2500000000000004,0,19.0,60.78004951197345
34,1000,1.1500000000000004,56,18.0,28.8762475776796
41,650,1.0500000000000003,10,1.0,61.95377922360139
57,250,0.9000000000000002,46,0.5,58.712713451157114
35,250,1.0500000000000003,38,6.5,35.85998595618762
7,1000,1.1000000000000005,34,2.5,10.818304259028423
61,250,0.8500000000000002,14,3.5,42.34911093890608
29,250,0.9500000000000003,4,15.0,45.09983247089427
54,250,0.8000000000000002,24,0.0,49.375889432296056
55,250,1.3000000000000007,34,6.0,51.4430017804072
55,650,0.9000000000000002,6,20.0,63.535740867738866
47,650,0.65,14,17.5,53.64885213994806
64,650,0.7000000000000001,24,11.0,42.91632154691382
8,1000,1.1500000000000004,18,11.0,14.12543903185378
4,250,1.2000000000000006,40,6.5,14.463336547972993
20,1000,0.7000000000000001,50,19.0,22.93597163069707
24,650,0.8500000000000002,34,17.5,30.057174188829464
32,1000,0.8000000000000002,22,18.0,36.98762760749146
59,250,1.2500000000000004,28,1.0,52.29833976611432
60,1000,0.7500000000000001,2,5.5,70.29643464372643
1,1000,1.1000000000000005,38,14.5,12.664755614205681
40,650,1.2000000000000006,54,9.5,33.952347775727695
14,250,1.0000000000000004,14,1.0,40.192319373557936
25,650,1.1500000000000004,20,15.5,37.912479606733214
45,1000,1.1500000000000004,12,7.0,75.30320193934853
35,1000,1.3500000000000005,20,5.0,37.91950856692968
35,650,1.3500000000000005,38,10.5,48.788140320345384
14,1000,1.2500000000000004,6,16.0,66.65202021190166
36,650,0.6,22,14.5,46.57526786442224
43,650,0.6,46,18.0,30.145972896683336
59,650,0.7000000000000001,12,12.5,43.89245970517214
47,250,0.8000000000000002,42,2.0,59.03325436126903
45,1000,0.9000000000000002,30,8.0,58.264238404579
42,250,1.1500000000000004,12,15.5,41.7273608631549
22,250,0.65,10,2.5,42.417576800115675
20,250,0.9500000000000003,48,11.0,29.154920404467095
46,1000,0.7000000000000001,66,15.5,52.38432692360764
49,650,1.2000000000000006,52,0.0,56.22642034202684
8,1000,1.4000000000000008,10,5.0,66.45014982543569
46,650,0.7000000000000001,14,20.0,53.514339145532205
36,1000,1.0500000000000003,30,0.5,30.084085287670042
58,1000,0.8500000000000002,48,10.5,58.64156045106761
46,250,1.0500000000000003,18,16.0,45.70586248143754
20,1000,1.3500000000000005,34,14.5,33.50033402961107
64,650,1.3000000000000007,42,18.0,46.74247075772038
5,650,1.2500000000000004,60,11.0,12.672751706200728
34,650,1.1000000000000005,42,15.0,36.76987452127587
32,250,0.6,54,10.0,49.12450757174898
41,1000,1.3500000000000005,38,0.5,35.334084547075605
13,1000,0.9000000000000002,16,5.5,18.5063790792016
9,1000,1.3500000000000005,4,4.5,65.2989806159911
12,650,1.0000000000000004,12,6.5,60.42877437169403
41,1000,1.1000000000000005,42,0.0,31.335397071392247
48,1000,0.8000000000000002,26,2.0,53.54364349232551
38,1000,0.6,50,15.0,51.70349412662001
3,1000,1.1500000000000004,44,19.5,4.09962203779866
13,250,1.0000000000000004,6,9.5,41.853484791119456
24,250,0.8000000000000002,66,4.0,43.4735632011251
63,1000,1.2000000000000006,4,2.5,70.58369464250443
4,1000,0.7000000000000001,18,8.0,19.768208707941447
60,650,0.8500000000000002,6,3.0,64.10164716611845
11,650,1.1500000000000004,36,19.0,3.5234089972892235
66,250,0.65,28,5.5,44.06366563453152
65,250,0.8500000000000002,30,3.0,54.87483673940089
22,650,0.9000000000000002,46,3.0,34.14776054899403
25,1000,1.4000000000000008,44,1.5,48.013112642083634
8,650,0.8500000000000002,48,16.0,25.64548093444123
50,1000,0.8500000000000002,40,3.0,58.3126378264645
39,650,1.1000000000000005,42,1.5,36.19056900538232
1,650,0.9500000000000003,2,19.0,61.438354524999426
64,250,0.7500000000000001,10,12.0,42.60277092894939
18,250,0.8000000000000002,62,18.5,34.02065386163193
60,650,0.7500000000000001,36,0.0,55.223662291272994
25,1000,1.3000000000000007,20,10.5,35.365465230734166
60,250,1.2000000000000006,44,10.0,53.8507751856666
33,650,1.3000000000000007,42,3.5,31.90236016731271
48,1000,1.1500000000000004,4,12.0,71.11045772798502
28,650,1.1000000000000005,50,0.5,39.760397325584165
11,650,0.7500000000000001,0,15.5,59.72545323415714
37,250,0.7000000000000001,16,12.0,40.53244494825623
50,1000,0.8500000000000002,4,12.0,70.53661312912061
55,250,0.8500000000000002,18,13.5,45.061471462021636
52,250,0.6,12,19.0,39.954006423825874
32,650,0.8500000000000002,16,15.5,40.50905958800948
31,650,0.7000000000000001,52,2.0,51.95698614007715
2,1000,1.1000000000000005,38,12.0,12.604341387319593
40,1000,1.2000000000000006,30,6.0,26.174509073339227
6,1000,0.8000000000000002,52,3.5,25.480186256343803
29,650,0.7000000000000001,30,20.0,24.671925064000835
9,1000,0.65,24,7.5,23.63288263277606
56,650,0.8500000000000002,22,6.5,52.196575883573914
68,250,1.0500000000000003,14,16.5,43.72853133384815
10,1000,1.0000000000000004,16,5.0,14.608851816613694
19,650,1.3000000000000007,6,10.0,60.222471649860346
63,650,1.2500000000000004,22,9.5,49.18172507819159
37,650,1.0500000000000003,28,18.5,27.89332801035886
40,1000,1.2000000000000006,22,4.0,33.78502840186279
57,1000,0.9500000000000003,30,19.0,49.34703714003522
44,1000,1.2500000000000004,10,8.0,71.50658666162883
60,1000,1.3500000000000005,4,0.5,70.19860035513196
12,650,1.1500000000000004,24,0.0,16.601955698806883
66,650,1.1500000000000004,48,6.0,52.531109671023536
33,250,0.8000000000000002,42,5.0,48.1543851461109
51,250,1.4000000000000008,64,18.0,51.149234490796594
0,650,0.9500000000000003,30,14.0,12.78713126935505
26,650,1.3500000000000005,10,16.0,60.158834665148966
47,650,0.9500000000000003,16,1.0,53.47911967843201
54,650,1.3000000000000007,4,17.5,63.372469175731574
39,250,1.3000000000000007,54,8.0,36.31510333357258
12,1000,0.7500000000000001,44,17.5,23.351263105186145
14,1000,0.9500000000000003,8,16.5,66.68787938281885
29,1000,1.2500000000000004,54,17.0,31.914880241162642
25,1000,0.9500000000000003,64,19.5,34.670071509059156
13,1000,0.6,18,7.0,19.428815895836955
6,1000,1.2500000000000004,60,15.0,12.529906175305435
14,1000,0.6,18,7.5,19.40925883176191
46,250,1.3000000000000007,38,2.0,52.98507369948312
62,650,1.3000000000000007,4,12.5,63.98132407842657
48,1000,1.0000000000000004,58,5.0,56.475293790181496
18,650,0.9500000000000003,30,6.0,14.842748676238443
55,650,1.2500000000000004,44,20.0,45.06311947338969
7,650,1.1500000000000004,4,3.5,59.75226287354645
6,1000,1.1000000000000005,14,14.0,52.373040554638514
13,650,0.9000000000000002,50,1.5,24.900159709349005
25,250,0.8500000000000002,46,5.5,50.24389647386603
28,250,0.7500000000000001,24,14.0,40.00520682950494
41,650,0.6,10,9.5,44.127760455064504
68,1000,0.9500000000000003,26,13.0,49.71427662928045
62,250,0.9000000000000002,8,0.5,44.45216845458866
20,650,1.2500000000000004,40,3.0,23.02684080310861
48,250,0.9500000000000003,10,6.5,45.761618535535746
13,650,1.1500000000000004,58,1.0,11.530158432008108
67,650,1.3500000000000005,12,7.0,65.27331048555772
55,650,1.0500000000000003,24,12.0,53.25590102211903
30,1000,1.3000000000000007,2,3.5,69.24624159596745
3,1000,1.4000000000000008,32,7.5,15.31276672997398
25,1000,0.9000000000000002,36,18.5,41.57930649027519
25,650,1.2000000000000006,34,17.0,32.16699070853745
28,650,0.9000000000000002,30,6.5,43.452808178702824
56,250,0.7000000000000001,50,11.0,50.6870563995105
37,1000,1.0500000000000003,42,10.0,31.86204795481829
48,250,0.65,42,8.5,47.022834668027315
32,650,0.8500000000000002,50,16.5,51.26949859449083
56,250,1.3000000000000007,20,19.0,43.81433901692213
54,1000,1.0500000000000003,10,0.5,70.19175491380884
41,250,1.2500000000000004,56,3.0,40.60968871754923
12,1000,0.65,36,6.5,18.279049153563435
2,250,0.8000000000000002,66,13.5,28.700519386548894
7,1000,0.9000000000000002,66,9.0,26.80373175725145
59,650,0.7500000000000001,0,10.5,61.524527439935696
61,1000,1.2500000000000004,14,13.5,55.08380361344728
67,1000,0.7500000000000001,4,9.0,78.77430316046977
10,1000,0.9500000000000003,58,1.5,11.883216868516357
66,650,1.3000000000000007,66,5.5,55.44354496891408
55,650,1.3500000000000005,4,11.0,63.84433058983822
64,1000,0.8500000000000002,2,9.5,69.83159049734066
59,650,0.9000000000000002,66,7.5,63.47056593935515
58,250,0.7500000000000001,40,1.0,58.43422575665413
0,650,1.3000000000000007,28,11.5,10.447536525379093
51,1000,0.8000000000000002,18,8.0,47.486633054832296
7,650,1.3500000000000005,14,19.5,54.378852110357535
56,650,0.7500000000000001,16,12.0,52.27959006761047
29,650,0.8500000000000002,10,7.5,61.46020805243563
38,250,0.8000000000000002,48,8.5,48.524550738150445
22,250,0.7000000000000001,10,5.5,42.372848894809096
25,1000,0.65,64,10.5,51.27203502509772
17,650,1.4000000000000008,16,12.0,22.342109523984313
3,650,0.7500000000000001,32,5.5,20.416979135437792
38,1000,0.9500000000000003,48,4.5,32.33445211449626
35,1000,1.1500000000000004,38,19.0,18.702776477172847
5,650,0.8500000000000002,54,18.0,19.262104246451713
49,1000,0.7000000000000001,20,0.5,40.01475918175847
48,1000,1.3500000000000005,22,4.0,53.87152591163271
37,650,1.0000000000000004,12,2.5,62.83586917791483
33,1000,0.9500000000000003,34,13.0,29.838728736655913
22,1000,1.4000000000000008,2,6.0,66.2961825332657
31,1000,0.9500000000000003,18,4.0,33.66628091263779
27,1000,0.8000000000000002,24,19.0,36.09683678723699
30,250,1.1000000000000005,54,10.5,38.18743665035593
49,1000,1.4000000000000008,10,16.5,71.48095572506043
34,250,1.2000000000000006,22,7.5,30.5507008013138
55,250,1.4000000000000008,42,14.0,58.58540157562616
64,250,1.0500000000000003,40,10.5,53.565361681805385
32,650,1.1000000000000005,44,4.5,35.76865222186354
7,250,1.0500000000000003,64,3.0,15.79358639847947
27,650,1.2000000000000006,52,13.5,37.693571558556016
16,650,1.1000000000000005,26,12.0,13.95825591009094
24,1000,1.1500000000000004,0,7.5,53.716674862107226
29,1000,1.1500000000000004,60,10.5,36.162297792050175
10,250,1.4000000000000008,50,19.0,17.670026941852598
69,250,0.6,62,17.0,34.37293997411264
9,250,0.6,40,12.5,22.254767090884645
25,650,1.0500000000000003,12,8.5,61.52114807644458
59,1000,0.7000000000000001,24,2.0,43.323222188957594
11,650,1.1000000000000005,48,11.5,16.106322336716318
26,650,1.2000000000000006,32,4.5,31.045652586630705
60,650,1.3500000000000005,0,14.5,66.74375543885797
36,250,1.2500000000000004,56,19.0,32.71436075485799
45,250,1.3500000000000005,6,8.0,44.56179863450855
63,250,0.8500000000000002,64,11.0,61.64502788113427
7,250,1.3000000000000007,56,1.0,12.892264822186547
1,1000,1.0000000000000004,62,13.0,14.811297856207482
38,1000,1.1000000000000005,38,9.5,30.558274906338564
32,250,0.7500000000000001,24,14.5,39.21759678938896
25,1000,0.7000000000000001,66,4.5,54.515630286413675
68,250,1.3500000000000005,62,8.0,57.695328523083255
40,250,0.8500000000000002,12,18.5,41.819593701831764
36,250,1.4000000000000008,34,3.5,46.43473161013645
43,250,1.0000000000000004,66,14.5,47.5309682941168
9,1000,1.1500000000000004,38,2.0,10.651385013484344
47,1000,1.0500000000000003,50,13.5,58.503049332535554
33,250,0.6,34,3.0,43.184731858626456
2,250,0.9000000000000002,20,16.0,14.926606803237256
62,250,0.8500000000000002,6,3.5,44.39846501207838
39,250,1.0500000000000003,48,19.5,29.01560222461356
59,650,0.7000000000000001,52,12.5,52.89424508128253
6,650,0.7000000000000001,6,19.0,43.688439212454085
42,250,0.7000000000000001,8,6.0,42.4803367261007
7,1000,1.3000000000000007,24,15.5,17.028937100041347
31,250,0.7000000000000001,62,12.0,47.98103949731917
67,650,1.0500000000000003,14,14.0,59.30088084784451
12,1000,1.3000000000000007,62,1.0,13.27191383481589
58,1000,1.2500000000000004,28,10.0,50.29211670880939
25,650,0.6,62,6.0,51.57425019224479
58,650,0.9000000000000002,4,2.0,63.483101142902164
46,1000,1.1000000000000005,28,6.0,51.30485789932709
52,250,0.7000000000000001,50,11.0,50.89123768259565
37,1000,1.4000000000000008,24,14.5,38.79104195629678
24,1000,1.1500000000000004,0,2.5,53.78796719198711
2,650,0.65,62,8.0,21.125628016203187
1,650,0.65,4,11.5,45.117532419126796
17,1000,1.1500000000000004,60,2.0,23.875719025852813
45,250,1.0000000000000004,10,3.5,45.855681297924676
43,1000,1.0500000000000003,2,2.5,68.32279754837175
19,650,1.2000000000000006,22,2.0,19.79538751825642
29,1000,1.3000000000000007,10,1.0,71.31360381642033
23,1000,1.2500000000000004,14,17.0,52.28038034149831
48,1000,1.1500000000000004,62,6.5,54.99118138895464
41,650,0.9000000000000002,10,14.5,61.05519372792796
64,650,0.7500000000000001,66,10.5,63.45324117806453
68,650,0.9500000000000003,40,12.5,54.29540771958731
20,1000,0.7500000000000001,40,16.5,40.000867016178205
1,650,0.9500000000000003,50,2.0,14.816406805472184
4,250,0.65,34,0.5,18.106130555846278
19,1000,1.3000000000000007,0,9.0,53.67603493870619
29,1000,1.0500000000000003,6,9.5,69.21325894764975
7,650,0.7500000000000001,38,17.5,21.149672968590217
7,250,0.9000000000000002,34,12.0,21.942968448413197
31,650,1.2500000000000004,4,15.5,61.12938052373504
62,250,0.65,50,10.5,50.444247716105764
7,650,1.3500000000000005,2,7.5,63.750718912453465
21,1000,1.3000000000000007,50,13.0,20.02764677927717
68,250,0.7500000000000001,12,6.5,39.15124317208856
20,250,0.9500000000000003,8,1.5,43.371957098242156
3,650,1.1000000000000005,44,17.5,12.18132694670885
59,1000,0.8000000000000002,6,0.5,71.18136306495029
60,250,1.0000000000000004,6,17.5,44.704653322321484
14,250,0.8000000000000002,42,1.5,26.961699544783496
20,1000,1.0000000000000004,66,9.0,30.516072154574697
19,250,0.8500000000000002,0,5.5,60.949088530296024
39,1000,0.8500000000000002,60,9.0,54.862208695015575
59,1000,1.2500000000000004,8,17.0,70.46326241186502
39,650,0.8500000000000002,22,17.0,41.519273425344096
12,1000,0.7000000000000001,34,9.5,17.41134261099196
2,250,0.6,66,5.5,24.62930303743174
6,1000,1.4000000000000008,64,13.0,13.751734981466697
64,250,1.1000000000000005,20,8.5,46.82821917894582
47,650,1.1000000000000005,28,9.5,53.795923084252
68,1000,1.0000000000000004,32,0.5,50.46751394080139
41,650,1.2000000000000006,16,18.0,31.568277106120128
16,650,1.0000000000000004,46,10.5,17.2113871760019
49,1000,1.4000000000000008,50,2.0,61.997660001075836
38,250,1.2500000000000004,60,14.0,39.55878638016958
42,650,0.8000000000000002,18,11.0,41.084133971465945
7,250,1.0500000000000003,16,15.0,9.845369779288752
38,1000,1.4000000000000008,30,2.0,39.94450487903719
58,650,1.3000000000000007,46,17.0,52.471179225577856
17,1000,1.0000000000000004,28,6.0,10.509704724196382
42,650,1.1000000000000005,54,0.5,42.14090866486273
55,250,1.1000000000000005,22,9.5,47.39892308293902
7,1000,1.4000000000000008,58,19.5,1.6234192217878558
46,1000,0.8000000000000002,42,20.0,50.50750881343872
63,250,1.3500000000000005,8,18.5,44.261701568327304
0,250,1.4000000000000008,12,7.5,39.481232918967144
44,650,0.8000000000000002,20,11.0,42.176290834088036
39,1000,1.3500000000000005,62,8.0,33.07517311231373
43,250,0.7500000000000001,64,15.0,56.74186649714433
50,650,0.9000000000000002,64,8.0,63.006126890807195
35,1000,1.3000000000000007,64,16.5,34.79591368122661
33,1000,1.1500000000000004,42,2.5,28.146741136077647
64,1000,0.6,14,15.5,49.87262858391264
17,250,0.8000000000000002,10,16.5,40.81747119290346
67,1000,1.3500000000000005,12,16.0,79.57170104842132
60,650,1.1500000000000004,38,5.0,51.20658303504416
13,1000,1.0500000000000003,24,17.0,19.279034243254067
3,650,0.7000000000000001,16,13.0,20.224465365769802
47,650,1.3500000000000005,28,13.5,54.89784453616904
42,250,0.7500000000000001,12,16.5,39.82170892942891
31,250,0.7500000000000001,14,9.5,41.09770018564903
26,1000,1.1000000000000005,24,14.0,37.13518101476042
37,650,0.9500000000000003,62,9.5,43.309596341717615
33,1000,0.7000000000000001,56,19.0,27.48913142833829
18,1000,1.3000000000000007,32,7.0,8.384949673720506
68,650,1.0500000000000003,60,9.0,56.74488141058151
37,650,0.8500000000000002,24,6.0,43.75258838984546
14,250,0.6,52,10.0,22.85386346078953
1,650,1.2500000000000004,30,14.0,10.763990674836982
9,650,1.1000000000000005,52,9.0,14.228676686105658
13,1000,1.3000000000000007,8,9.0,66.88173811879525
26,1000,1.2500000000000004,4,6.0,68.85411667011437
44,650,0.7500000000000001,0,2.5,62.36942988508346
35,1000,0.9500000000000003,52,16.0,35.86376727177357
53,650,0.9000000000000002,6,20.0,63.63664102704469
36,250,1.1500000000000004,0,3.0,62.47046238060129
64,250,1.1500000000000004,58,4.0,55.82396623680653
56,1000,0.8500000000000002,34,18.5,47.47913712832131
13,1000,1.3000000000000007,46,15.5,13.539564104278533
41,250,0.7000000000000001,10,4.0,42.723434956751575
27,250,1.4000000000000008,10,4.5,42.58857788479726
38,650,1.3000000000000007,8,4.0,61.16864705260432
67,650,0.9500000000000003,64,10.5,57.226398589676506
10,1000,1.1000000000000005,12,13.5,70.46913300958497
26,650,1.3000000000000007,36,9.0,32.01625879799698
32,250,1.1500000000000004,44,15.0,35.332974108142096
47,1000,0.7000000000000001,18,8.5,39.84614954608304
18,250,1.4000000000000008,12,5.0,39.57150433397281
37,250,0.7500000000000001,54,17.0,50.986139616375645
9,250,0.6,60,8.0,20.858397404276133
63,1000,0.9500000000000003,8,1.0,70.61353962900729
39,650,0.9000000000000002,22,4.5,41.50715082661384
32,250,0.65,34,4.5,42.20475864070615
8,1000,1.2500000000000004,62,18.0,7.136279370644402
12,650,0.9500000000000003,48,3.0,15.95800265833249
5,650,0.6,42,14.5,21.772383529901944
30,1000,1.1000000000000005,40,12.5,30.963778167759997
52,250,1.2000000000000006,6,13.0,44.3040031758917
5,1000,0.8000000000000002,38,3.5,21.885680584178722
43,1000,0.7500000000000001,44,15.0,50.6400935353347
69,650,0.7500000000000001,6,18.5,63.335704222874114
46,650,1.2500000000000004,4,13.5,63.416122931836256
57,250,0.9000000000000002,44,5.0,58.61651808742996
59,1000,1.0000000000000004,48,15.0,54.22327321460185
23,650,1.2000000000000006,4,12.0,60.64749391490955
60,250,0.7500000000000001,48,1.0,58.9539171342361
65,650,1.4000000000000008,18,9.5,51.550189470953576
20,650,1.2000000000000006,10,3.0,60.82288097396741
54,250,1.3500000000000005,10,16.0,44.1911935724617
65,1000,1.2500000000000004,34,4.0,49.18920272837538
43,1000,1.3000000000000007,30,11.5,30.311017199651502
43,1000,1.3000000000000007,42,2.0,31.54685676783126
43,1000,1.1500000000000004,22,12.5,33.61439305213456
66,650,0.8000000000000002,40,2.5,58.78361337720825
5,250,0.6,40,15.5,22.360850881880683
46,250,1.3500000000000005,38,4.5,57.96913154752676
50,650,1.1000000000000005,54,9.5,57.16922052523961
54,1000,1.4000000000000008,6,15.5,70.30983017966318
14,650,1.3500000000000005,0,11.5,65.56338628248862
37,1000,1.4000000000000008,48,2.5,46.048903861998454
3,1000,1.0000000000000004,2,5.5,66.46829383498343
14,1000,1.3500000000000005,50,12.0,26.477237327774922
53,650,1.1000000000000005,50,18.0,54.16732859062372
12,1000,1.4000000000000008,56,6.5,21.194796872090038
21,250,1.0000000000000004,16,3.5,15.533737214088603
36,1000,1.0000000000000004,0,14.0,54.255041231257415
9,1000,1.3500000000000005,12,19.0,70.05734614538525
0,250,0.8000000000000002,46,2.0,27.708190713334204
44,250,1.0000000000000004,48,12.5,40.90715657989289
48,650,1.0500000000000003,64,4.5,57.939832217781614
4,650,1.0000000000000004,6,5.5,59.921760007276916
20,1000,0.7000000000000001,4,14.0,56.92533601920182
54,1000,0.9000000000000002,12,2.0,74.78043446601936
55,650,0.9500000000000003,50,5.5,59.26171742081021
11,1000,0.8000000000000002,48,13.5,25.2370756303271
31,650,1.2000000000000006,10,8.0,61.389037463339825
53,1000,1.2500000000000004,32,6.0,49.140343278087855
32,250,0.7500000000000001,24,17.0,39.23427283625149
53,250,1.2000000000000006,8,15.5,44.23637666298593
44,250,1.2000000000000006,22,19.0,27.14061428951595
10,1000,1.0500000000000003,52,18.0,8.166563283151199
52,650,0.6,26,9.0,46.318754283560196
50,250,1.4000000000000008,4,0.5,45.41389318591463
40,1000,0.8000000000000002,60,3.0,54.687782160487686
16,1000,1.3000000000000007,48,11.0,14.573436740424299
67,650,0.6,62,6.0,51.53082500238861
19,650,1.0000000000000004,32,15.5,16.220716101437453
40,1000,1.2000000000000006,40,15.5,27.724270129392615
48,650,0.65,44,6.5,49.358075432357055
27,1000,1.2000000000000006,46,10.0,30.26687916213704
64,650,0.9000000000000002,26,18.0,49.86602610579172
18,650,1.2500000000000004,24,13.0,19.034596674275086
29,1000,1.1000000000000005,20,6.0,34.58366385491013
3,1000,0.65,0,10.0,51.796877108368776
3,1000,0.8000000000000002,26,2.5,20.73968143832041
60,1000,0.65,22,11.0,39.684787565294265
62,250,1.0500000000000003,2,5.5,66.30837262856271
12,650,0.6,40,19.5,12.44642721641437
38,250,0.9000000000000002,36,13.0,43.90915194791389
28,650,1.0000000000000004,54,10.5,38.16410874935218
10,250,1.2000000000000006,22,12.5,8.56544308936948
6,1000,1.3500000000000005,34,3.5,22.004339014006607
61,650,0.9000000000000002,40,2.5,58.86138847100565
67,250,0.7000000000000001,30,19.0,26.045406775999876
33,250,1.2000000000000006,24,15.5,32.39857602447901
5,650,0.65,0,15.5,60.057673747127794
43,650,1.2500000000000004,66,7.5,43.646776876021804
28,250,1.0500000000000003,36,4.5,35.11932547017054
63,1000,0.9500000000000003,12,19.0,73.76133956964661
66,1000,1.4000000000000008,26,12.0,53.42981349875995
47,650,0.65,50,10.5,53.41568322405829
29,650,1.2000000000000006,54,11.0,35.94847378091647
28,1000,0.6,28,15.0,42.02436737148696
44,1000,0.9500000000000003,18,15.5,34.248509940881405
24,1000,1.1500000000000004,36,14.0,15.92830800393709
49,1000,1.0000000000000004,58,18.5,49.16199261657584
9,1000,0.65,40,11.5,20.950288196239697
67,1000,1.3000000000000007,56,11.5,53.41720275849388
30,1000,0.9500000000000003,20,3.0,34.785833981701046
7,1000,0.9500000000000003,6,6.5,66.79450024445899
25,1000,0.6,12,8.0,57.41519150471685
67,1000,1.0500000000000003,42,12.5,53.205521143255126
40,1000,0.6,40,8.5,47.239468918216645
65,650,1.2000000000000006,8,15.0,64.28295478970496
35,1000,0.65,46,8.0,47.88600133258853
40,250,1.3500000000000005,22,16.5,29.76347638182621
16,650,0.7500000000000001,32,11.5,19.13652990331066
10,650,1.0500000000000003,20,14.5,16.587581851722497
22,250,0.65,8,4.0,42.24902355869331
32,250,0.9000000000000002,2,10.0,58.22867183609057
40,1000,0.9500000000000003,4,10.0,68.60588390732262
15,250,1.3000000000000007,32,14.5,11.275315171553366
52,250,1.3000000000000007,48,19.0,46.93247049642838
65,1000,1.3500000000000005,62,1.5,56.80587749306338
14,650,1.1000000000000005,36,4.0,13.086563356075807
14,250,1.4000000000000008,34,0.5,24.729246277557827
25,650,0.7000000000000001,42,5.5,49.23942751945967
65,1000,1.0500000000000003,56,7.5,55.43767960801169
41,650,0.6,48,12.5,49.11506505849094
17,250,1.1500000000000004,26,1.0,14.01543415243431
34,650,0.8000000000000002,36,9.5,44.211050860715865
69,250,1.0000000000000004,22,11.5,46.920082612034655
41,250,1.3500000000000005,26,15.0,35.02258824820406
59,1000,0.65,54,12.5,50.17756375210413
55,1000,0.6,26,6.0,43.58866281460681
35,1000,1.1000000000000005,36,11.0,29.70337130826335
12,250,1.0500000000000003,0,19.0,60.95525627956699
1,650,1.1500000000000004,16,1.5,14.63228625191826
2,1000,1.4000000000000008,30,10.0,13.826706614421838
67,650,1.1500000000000004,18,11.0,48.72975097047864
10,650,0.6,38,7.5,19.876439242656254
41,250,1.2500000000000004,16,19.0,26.531092679937856
31,1000,1.2500000000000004,60,14.0,34.566255072218965
12,1000,1.3500000000000005,42,14.5,25.84460389740439
34,250,1.3000000000000007,46,12.0,34.97795158428248
55,650,1.0500000000000003,20,18.5,51.144933322055415
7,1000,1.2500000000000004,42,15.5,11.984417920878222
19,1000,1.1000000000000005,40,18.5,14.619864970833838
14,250,0.8500000000000002,6,9.0,42.460528145201536
43,650,0.8500000000000002,54,12.0,52.61002648609414
32,650,0.7000000000000001,28,8.5,44.362263243793194
14,650,1.0000000000000004,56,5.0,14.096555550505386
10,250,1.1500000000000004,22,12.5,8.662198050893515
69,650,1.3000000000000007,22,19.5,45.85376736065771
22,650,0.6,22,0.5,25.91580850638107
31,1000,1.2000000000000006,16,0.0,34.17424459282695
8,250,1.1500000000000004,54,3.0,13.074544874413235
16,1000,0.7000000000000001,32,3.0,16.707368460097264
16,650,1.3500000000000005,62,17.5,-6.579171839311385
43,1000,1.2000000000000006,48,2.0,32.24321993896834
65,250,1.3000000000000007,38,11.5,52.17295655419728
63,650,0.7500000000000001,48,14.5,59.70690955993343
44,650,0.6,60,0.0,55.22033955583214
52,650,1.3000000000000007,54,11.0,54.45994560282195
34,1000,0.7000000000000001,48,5.0,47.96883318642982
68,650,1.4000000000000008,62,14.0,57.10970552655615
51,250,1.3000000000000007,18,18.5,42.144460551104345
48,250,1.3500000000000005,16,9.5,47.07346146574601
44,1000,1.2500000000000004,34,2.5,29.31796857899994
26,250,1.0000000000000004,44,1.0,38.91874034668636
17,1000,0.9500000000000003,56,1.5,24.323231533579424
13,1000,0.9500000000000003,56,11.5,13.91875089180828
67,250,1.0500000000000003,30,9.5,52.38478117462985
63,1000,0.7500000000000001,46,14.5,58.365824229424284
6,1000,1.2000000000000006,34,12.5,9.386855949223218
60,250,1.2500000000000004,4,10.5,45.5997567783333
12,250,1.0000000000000004,48,9.0,18.36563131616338
25,650,0.65,66,16.0,55.352583451723326
16,650,1.3000000000000007,12,14.0,59.76568280990864
12,1000,0.9500000000000003,26,19.0,3.8072515381992957
57,250,1.3500000000000005,24,19.0,44.31077470040146
1,250,1.4000000000000008,20,5.5,10.34103440894311
2,1000,1.1000000000000005,46,14.0,14.163944648210517
22,250,0.7000000000000001,36,14.5,32.8625324865697
3,250,0.7000000000000001,50,3.5,22.84627165789694
49,1000,0.9500000000000003,10,6.5,70.4007744270084
49,250,1.1500000000000004,38,13.5,53.232385557577345
21,250,1.3000000000000007,18,18.0,13.165757222073289
19,650,0.9500000000000003,2,1.5,62.52829158362876
60,250,0.6,44,8.0,46.64982644212451
44,250,1.1000000000000005,58,7.0,46.591565300507
26,650,1.0500000000000003,38,4.5,36.02379495725381
54,650,1.2500000000000004,6,10.5,63.98422915459437
16,1000,0.65,34,12.5,17.51045549150163
48,250,0.7500000000000001,32,13.0,54.79538293207626
3,650,1.2000000000000006,40,5.5,12.176087302125403
0,250,1.0000000000000004,48,14.5,17.232400384131303
56,1000,1.1500000000000004,42,17.0,52.023438164765324
32,1000,0.9000000000000002,64,8.5,54.37557680167833
54,1000,0.7500000000000001,46,20.0,50.45765500852183
68,250,0.8000000000000002,22,5.0,45.07494495728768
25,650,0.8500000000000002,54,13.5,51.29301469103367
22,250,1.2000000000000006,6,16.0,42.76399318696967
53,650,0.8000000000000002,0,19.5,61.31529243828506
62,250,0.9500000000000003,44,6.5,54.161009337481055
22,250,1.0000000000000004,64,9.0,27.572451757962288
44,250,1.0500000000000003,42,12.0,40.29989688040944
69,1000,1.1000000000000005,52,15.0,56.613404780705224
12,1000,1.1500000000000004,26,1.5,10.548819693645719
61,250,1.0000000000000004,64,16.5,56.664112172610345
39,650,1.2000000000000006,54,7.0,33.9399632484977
15,1000,0.8500000000000002,50,15.5,24.549874910999566
68,650,0.65,10,13.5,44.245256858966506
28,1000,0.9000000000000002,64,19.0,48.17573637263409
41,250,1.1500000000000004,40,4.0,34.321682510776085
31,1000,0.65,42,10.5,46.76419211005611
23,250,1.2500000000000004,50,18.0,22.100757602605697
16,1000,1.3000000000000007,24,15.5,19.186652065440576
32,250,0.8500000000000002,56,6.0,54.21357847396574
68,250,0.8000000000000002,18,12.0,44.55798968141817
37,250,0.6,6,18.0,42.68034663924536
27,650,0.9500000000000003,24,13.0,38.918393672114824
2,650,1.2000000000000006,26,5.5,9.830897721976726
64,650,0.7000000000000001,16,14.0,40.00602237913898
47,1000,1.2500000000000004,38,7.5,51.18781497997356
23,650,1.1500000000000004,52,0.5,22.753378727806396
41,250,1.2000000000000006,52,10.0,38.063630381392954
47,1000,1.0000000000000004,10,2.5,70.50824272840556
46,650,1.0000000000000004,48,8.0,56.078000359950416
60,250,0.9500000000000003,26,7.0,52.016728020203765
46,650,0.65,44,17.0,34.67527885648465
27,650,1.1000000000000005,12,12.0,61.30695320075879
13,650,0.7500000000000001,14,16.5,54.98250347194942
5,1000,1.0000000000000004,60,5.0,14.1293034304691
25,1000,0.7500000000000001,50,18.0,49.79645194178351
52,1000,1.0000000000000004,40,19.0,46.399401457606594
52,650,0.7500000000000001,52,18.0,57.05693766835458
69,250,0.6,32,7.0,43.05011495777408
21,250,1.0500000000000003,34,5.5,24.448869277536872
16,650,0.8000000000000002,48,8.0,24.77421396505363
6,650,1.2500000000000004,4,12.5,59.606709603864154
50,1000,1.3000000000000007,50,4.0,56.173191527298236
0,250,0.7000000000000001,16,7.0,15.099639597389071
56,250,0.9500000000000003,60,15.5,56.729859987915646
3,1000,0.8500000000000002,14,20.0,52.579039791305036
25,650,0.9500000000000003,20,16.5,40.86894893750916
31,1000,0.65,10,16.0,56.043203195937146
34,650,0.6,10,3.5,44.44644175034577
25,250,1.2000000000000006,42,16.0,37.20010369050332
25,250,0.7000000000000001,46,17.0,35.18408832126457
26,650,1.0500000000000003,54,3.5,39.11103610985193
64,1000,0.7500000000000001,38,4.0,54.888044386639045
12,1000,0.9000000000000002,8,12.0,67.33849178728087
0,650,0.9500000000000003,16,10.5,16.522761895992232
27,650,1.1000000000000005,10,6.5,60.71215126421318
5,1000,1.2500000000000004,18,10.0,14.029425323765274
44,1000,1.0000000000000004,50,19.5,33.27784046411717
63,650,1.1500000000000004,40,1.0,51.994518490094634
28,650,1.1000000000000005,30,5.5,34.130307501778816
51,650,0.7000000000000001,42,4.5,48.96284289508478
3,1000,1.1500000000000004,46,8.5,12.407829749372908
47,1000,1.2000000000000006,4,0.0,71.47201061362733
66,1000,0.7500000000000001,50,18.0,54.92689636666847
60,650,0.6,2,15.0,59.61915719534028
50,650,1.2500000000000004,36,4.5,50.49117385652496
12,650,0.7000000000000001,52,9.0,22.102180843072514
56,650,0.7500000000000001,30,19.0,51.00736869151253
36,1000,1.1500000000000004,26,5.0,25.540584204318563
49,1000,0.7000000000000001,46,9.5,48.266551884184665
64,250,1.2500000000000004,52,9.5,56.96701529939873
32,650,1.2000000000000006,50,11.0,36.58285830846453
35,650,0.7000000000000001,54,12.0,51.52369124909373
58,650,1.4000000000000008,62,5.5,57.49679625844709
0,250,0.7000000000000001,6,6.0,41.46579613039366
18,650,1.0000000000000004,34,14.0,22.342689227213896
38,650,1.3500000000000005,12,2.0,62.002326023097034
17,1000,1.4000000000000008,6,3.5,65.13734492042266
58,250,0.8500000000000002,56,19.5,55.03696753123796
69,1000,1.1500000000000004,56,13.0,53.573273780302856
48,250,0.7500000000000001,10,16.0,43.313920534765536
9,1000,0.6,66,1.0,24.076667406693236
12,650,1.3500000000000005,62,1.5,13.781197648443197
30,650,0.7000000000000001,16,9.5,46.844644726122894
8,250,0.8000000000000002,32,4.0,21.64644082728204
21,650,0.9500000000000003,34,6.0,24.183724386943336
10,1000,1.3000000000000007,34,10.0,9.054659444154638
61,650,0.9000000000000002,42,9.5,59.06965573353645
45,250,1.2500000000000004,50,1.0,58.55175172344738
50,650,1.4000000000000008,42,17.5,51.87452320854867
0,250,1.2000000000000006,20,1.0,8.484576988603493
21,1000,1.1000000000000005,42,0.5,22.301042242607515
55,1000,1.0500000000000003,38,9.5,52.699712200286356
43,650,0.6,38,15.0,50.10570359799475
21,250,1.1500000000000004,66,3.0,32.46007384525119
1,250,1.3500000000000005,60,16.0,16.692032390564812
53,650,0.9000000000000002,50,8.0,63.6312063303213
17,250,0.65,34,7.0,33.27981656073612
8,250,1.2000000000000006,60,17.0,13.871362049520407
37,650,0.7000000000000001,8,13.5,43.85450266900674
65,650,0.7000000000000001,0,19.5,60.628303951387046
8,650,1.0500000000000003,44,7.5,14.322763184020005
23,250,1.2500000000000004,64,7.5,27.25983911449215
54,1000,0.8000000000000002,18,6.5,47.37193825688222
67,250,0.9500000000000003,8,11.0,44.827414008468324
62,1000,1.2000000000000006,42,20.0,44.110209641402804
27,1000,0.8500000000000002,52,0.5,51.49377793575035
48,1000,1.0500000000000003,12,0.0,74.10089406709315
66,650,0.8500000000000002,58,1.0,61.81587482364432
40,650,1.2000000000000006,48,10.0,32.47429198978827
20,250,1.3000000000000007,18,17.0,13.211805791101199
5,1000,1.1000000000000005,4,14.5,66.43110474622596
19,1000,0.8500000000000002,20,19.0,27.094969740051607
44,650,1.0500000000000003,6,5.5,63.63114937141776
9,1000,0.8000000000000002,62,5.0,24.351084570926588
9,650,0.7500000000000001,22,7.5,21.19500948102352
5,1000,0.6,56,3.0,20.318189930466367
8,650,0.8500000000000002,16,18.5,20.60036570766161
40,650,0.8000000000000002,44,3.5,48.05554342018227
5,650,1.1500000000000004,42,10.0,12.573426413170168
56,250,1.1000000000000005,8,14.5,44.92108165619399
55,1000,0.7000000000000001,64,13.5,50.98851355546693
4,1000,0.9000000000000002,40,11.0,24.234378050641826
46,1000,1.3500000000000005,64,20.0,48.20799119586203
16,1000,1.0000000000000004,28,19.5,7.295583165785104
24,650,0.6,62,8.5,37.088016712669244
46,1000,0.7000000000000001,58,12.0,51.058651360611854
3,250,1.3000000000000007,20,15.5,8.36389809473065
15,250,1.3000000000000007,64,12.5,15.744880410243582
36,1000,0.9500000000000003,30,17.0,30.35133767873133
14,1000,0.65,58,18.5,9.555461951111297
65,650,1.2500000000000004,4,4.0,64.23483940617224
31,650,0.9000000000000002,26,19.0,36.605680388976744
1,650,1.2500000000000004,56,13.0,11.170655210962941
5,650,0.8500000000000002,36,0.0,20.80066963830604
3,1000,0.9000000000000002,0,14.0,52.353963074706456
62,250,0.65,64,15.0,49.67973184257092
48,1000,0.8500000000000002,66,19.0,56.695115650546406
1,650,1.0000000000000004,0,0.5,62.110103248397266
31,250,0.8000000000000002,0,11.0,60.3716180232452
11,250,1.0500000000000003,18,3.5,11.21153507748361
43,250,1.1000000000000005,42,19.5,32.11995364164412
9,650,0.8000000000000002,44,4.0,25.36547048579799
60,250,1.0000000000000004,54,16.5,56.018521363646315
66,250,1.3500000000000005,20,4.5,48.56042088927653
22,1000,0.7500000000000001,24,9.5,25.712389720929746
46,650,1.2000000000000006,30,13.5,51.60893516085371
41,1000,0.8000000000000002,66,6.0,57.18832740243418
43,250,0.8000000000000002,60,10.5,56.38450500217629
55,250,1.1000000000000005,60,16.0,56.538805778665264
7,650,0.9000000000000002,40,9.5,24.687782599460103
41,250,1.2000000000000006,52,13.0,38.119111886522425
35,1000,0.7000000000000001,2,13.5,55.14847321223972
6,250,1.4000000000000008,18,9.0,10.058023331406737
63,650,1.3500000000000005,22,11.5,51.98606182929698
10,650,1.0500000000000003,44,12.5,14.482235504315788
1,1000,1.2000000000000006,4,12.0,67.06086970269405
6,650,0.6,28,10.0,18.242340118294585
24,650,0.7500000000000001,50,17.0,37.8939363409347
0,250,1.4000000000000008,48,7.5,29.2946745478359
68,250,1.0000000000000004,16,10.0,46.398754424272255
31,1000,1.1500000000000004,38,20.0,18.92338916401045
41,250,0.65,18,14.5,40.64275903751065
58,1000,1.3500000000000005,64,2.5,57.23372429446748
40,650,1.1500000000000004,14,1.5,53.272540413500764
61,250,1.2500000000000004,6,1.5,44.88758134987728
32,650,0.8500000000000002,36,4.5,42.64279694906959
30,650,1.3500000000000005,50,9.5,54.34458045344301
14,250,0.8000000000000002,12,4.0,38.14279869807164
41,650,0.8000000000000002,38,5.0,44.802911761912384
20,1000,1.0500000000000003,58,14.0,26.374071322646834
4,250,0.65,12,7.5,38.96342785699571
3,650,0.65,12,15.5,44.24140279260416
14,650,0.65,56,11.5,20.706487754025098
11,1000,1.3500000000000005,14,7.5,52.78947951127274
4,650,1.1500000000000004,30,1.0,10.665006469998147
23,250,1.4000000000000008,2,6.0,76.64453900898988
41,250,0.7500000000000001,20,12.0,35.03296344150294
0,1000,1.1000000000000005,22,15.5,15.3495906113735
23,1000,0.8500000000000002,56,10.5,41.543716500256956
25,650,0.7500000000000001,62,12.0,55.55607557139899
16,650,1.0000000000000004,52,10.0,16.951624846075624
58,650,0.8000000000000002,18,9.5,51.70985023057938
20,250,1.1000000000000005,2,7.0,60.13646767499238
46,650,0.7000000000000001,32,2.5,46.123460696125996
1,650,1.1500000000000004,34,10.0,9.984592471645385
14,1000,0.9500000000000003,54,8.5,13.63871857103829
39,650,0.9000000000000002,14,7.5,55.87481323174447
25,650,1.3000000000000007,24,12.5,36.94649687915491
25,1000,0.6,12,14.5,57.38049872545919
4,650,0.65,10,5.0,44.11952608906459
38,250,1.4000000000000008,8,1.0,43.9055620991787
55,1000,0.7500000000000001,64,0.5,61.654425471877104
1,1000,0.8000000000000002,24,2.0,23.19164963494994
61,250,1.0000000000000004,24,20.0,42.644666512344735
52,650,1.0000000000000004,8,15.5,65.13582279589801
10,1000,0.6,20,17.5,19.744854817053948
30,250,0.7500000000000001,2,0.0,58.427459189485575
25,650,1.3500000000000005,20,16.5,43.749567328428014
26,250,0.9500000000000003,58,20.0,38.453893648067826
22,250,1.2500000000000004,48,4.5,22.589053327434858
14,650,1.2500000000000004,12,5.5,59.964638652713404
21,250,1.1000000000000005,30,11.0,17.41280792362351
29,250,0.7500000000000001,50,12.0,51.66889678456187
56,250,0.9500000000000003,46,7.0,54.62081249296898
5,250,0.65,34,15.0,18.383048578288573
55,1000,1.0500000000000003,22,12.0,49.806698904737864
19,650,1.2500000000000004,6,11.0,60.28994278593403
32,650,1.2500000000000004,42,2.5,32.03218720142038
25,250,1.3000000000000007,26,0.5,32.968887357074166
62,250,0.8000000000000002,2,18.0,60.193620535807625
9,650,1.4000000000000008,26,6.0,13.732143458140207
47,1000,1.0000000000000004,56,1.5,56.306508586226855
63,250,0.65,8,9.5,42.70749830802705
10,250,1.0000000000000004,32,18.5,3.2071977867480115
21,650,0.8500000000000002,66,3.5,44.33782462668981
3,650,0.7000000000000001,36,11.5,19.24498174291997
37,1000,1.0500000000000003,2,4.5,68.52395430930278
69,250,1.1000000000000005,12,1.5,42.694526185229506
35,250,1.4000000000000008,0,10.0,68.91074573343049
24,650,1.2000000000000006,38,17.0,20.97789833460032
57,1000,0.8000000000000002,48,19.5,50.386801080107055
43,650,1.2500000000000004,22,17.0,34.569858652338155
48,250,0.65,50,12.0,51.15676705609573
63,250,1.4000000000000008,32,16.0,56.556091933584995
59,250,0.8000000000000002,4,15.0,42.87501976247328
18,650,0.9500000000000003,0,5.0,61.653917979320354
21,1000,0.7500000000000001,20,17.5,26.64487703766923
65,250,0.8000000000000002,28,15.0,54.6846801760718
56,650,0.8500000000000002,48,18.5,53.60058327434906
50,650,0.6,42,10.5,49.21372325289133
57,1000,0.65,40,11.5,47.43470557162086
69,650,1.1000000000000005,18,4.0,51.12700296351414
68,250,1.2500000000000004,6,8.5,44.48247729315405
23,1000,1.0500000000000003,8,3.0,69.02432866271573
15,250,0.9000000000000002,16,9.5,12.201887290625564
2,650,0.7500000000000001,10,6.0,60.78697041914259
53,250,0.9500000000000003,50,19.5,51.22271160898912
57,1000,0.8000000000000002,40,11.0,58.096960658773064
61,650,1.1000000000000005,30,17.5,49.01176318827214
26,1000,1.0500000000000003,38,6.5,32.01296504253163
63,1000,1.0000000000000004,30,0.0,52.30703351778649
58,650,0.8000000000000002,2,19.0,60.004788862009086
6,650,0.65,50,2.0,22.055234611475992
1,1000,0.6,36,12.5,18.796690465481014
43,1000,0.9500000000000003,22,7.5,33.95905300162891
39,250,0.9000000000000002,66,9.0,55.953503190506964
37,650,1.2000000000000006,0,14.0,62.37447436937575
69,250,0.7000000000000001,30,7.0,44.024676317410425
48,1000,0.65,6,6.0,55.77334746070553
64,250,0.8000000000000002,12,0.0,39.358523511049356
14,250,1.2000000000000006,58,15.0,12.879790446453654
59,250,0.65,10,7.5,43.12905869384437
49,1000,0.7000000000000001,42,19.5,25.893964412746413
1,650,1.4000000000000008,24,19.5,10.971882087997514
42,650,1.3000000000000007,28,0.0,34.22196274854065
19,250,0.7500000000000001,64,0.0,44.1020211612536
38,1000,1.3500000000000005,16,1.5,37.45839222395325
5,650,0.65,62,1.0,20.90929811198893
28,650,1.1500000000000004,32,3.5,30.58139471478136
23,650,0.9000000000000002,26,18.0,20.93016621394134
53,1000,0.9000000000000002,30,4.5,54.93826376856148
27,650,0.6,12,15.5,44.85028317685054
55,1000,0.7000000000000001,30,0.0,45.199686764104484
34,250,0.65,42,16.0,47.52758540717387
68,1000,0.7500000000000001,24,14.0,48.550082505200685
58,1000,1.1000000000000005,58,20.0,48.44789375883179
57,1000,1.3500000000000005,22,19.5,50.05298519924426
68,650,0.65,48,3.5,48.66500004230376
51,1000,0.6,2,18.5,54.542792346919505
42,1000,0.8500000000000002,56,19.5,51.210181490093646
2,250,1.0000000000000004,38,13.0,15.55312760472917
28,250,0.6,10,5.5,42.328189671763376
54,250,1.1500000000000004,42,15.5,54.08743703396742
35,1000,1.3500000000000005,46,13.0,46.294280355076666
50,250,0.8000000000000002,6,5.5,43.04767723016114
63,1000,1.4000000000000008,34,9.5,55.81746665321048
11,650,1.1000000000000005,18,19.5,17.64947998404248
27,250,1.3500000000000005,18,8.5,36.67915370258787
29,250,0.9000000000000002,44,6.0,47.375226413281375
50,650,1.4000000000000008,66,3.5,58.906065985127654
32,250,0.8000000000000002,38,18.5,37.30871128138076
10,250,0.8000000000000002,40,7.5,27.042578504226093
3,650,0.6,32,18.5,10.923069321365865
18,1000,0.7500000000000001,0,6.0,52.12219596240917
31,250,0.6,66,5.5,51.422935815941
19,650,1.4000000000000008,60,9.5,34.41009848351328
17,250,1.1000000000000005,4,9.0,42.48890699457986
29,1000,1.3500000000000005,34,17.0,43.77651330350617
34,250,1.0500000000000003,58,4.0,41.71535590517561
12,250,0.7000000000000001,8,10.0,41.24898030011804
28,250,0.6,16,18.5,21.44383678494217
53,250,1.1000000000000005,54,5.0,56.09898563641569
7,650,1.2500000000000004,42,11.5,12.381399217660459
43,1000,1.0500000000000003,46,7.5,36.00506631272793
28,250,1.1500000000000004,36,12.5,34.49846626400944
49,1000,0.9500000000000003,46,0.5,54.511165934446865
56,250,1.4000000000000008,66,6.0,59.16381471680485
14,250,0.65,60,0.0,20.472458473600078
19,1000,1.2000000000000006,34,7.0,17.74041815247888
39,250,1.3000000000000007,0,0.5,62.18271408458454
69,250,0.6,18,6.0,37.24916740495257
65,1000,1.2000000000000006,62,5.5,54.08294699095906
63,250,0.8000000000000002,20,11.0,45.013901701905915
21,1000,1.4000000000000008,48,3.0,37.40152092694087
24,650,1.4000000000000008,20,4.0,23.410832918316864
44,1000,1.2000000000000006,52,19.5,28.06450699092708
11,1000,0.8500000000000002,30,10.5,20.854103107790465
58,650,1.1500000000000004,62,9.5,54.9950434648023
53,250,1.1500000000000004,20,17.0,45.35813359497539
67,1000,0.8000000000000002,46,14.0,58.08779168033124
41,650,0.9000000000000002,42,14.5,47.50406807125705
63,650,0.65,48,7.5,48.9297723372288
68,1000,1.1500000000000004,26,1.5,49.483432485810376
15,650,1.0000000000000004,48,9.0,16.6038935215537
48,650,0.9500000000000003,54,18.5,50.200759396528056
38,1000,1.3500000000000005,10,4.0,70.0611258818528
3,1000,0.9500000000000003,46,10.5,14.249827742417828
53,250,1.0000000000000004,52,13.5,57.97093457484435
57,1000,0.7000000000000001,2,10.0,54.35233298082608
47,1000,1.2000000000000006,30,7.0,51.12550495746281
36,250,1.3500000000000005,28,0.0,40.91396575623652
36,650,1.0000000000000004,46,7.5,37.03974360625428
32,250,0.8500000000000002,24,2.5,38.90479811364923
59,650,1.2500000000000004,12,6.0,65.65446911309915
35,650,1.2500000000000004,62,10.0,38.70229205799086
36,1000,1.3500000000000005,8,19.0,68.80527524878129
62,650,1.4000000000000008,42,8.0,57.78421425137431
11,1000,1.2000000000000006,12,19.0,71.1817228572444
15,250,0.6,8,7.5,41.281584442905825
4,250,0.8000000000000002,60,0.0,25.83732515917351
31,1000,0.8000000000000002,46,6.0,48.09596407318125
25,650,0.7500000000000001,52,11.5,53.301347700797294
48,650,1.0500000000000003,46,9.0,55.72812873991631
40,1000,1.3000000000000007,50,14.0,31.9039928441251
5,1000,1.0000000000000004,12,18.5,70.76039923928508
38,250,0.8500000000000002,2,0.5,58.1656730476944
47,250,1.2500000000000004,8,4.5,44.75022477347673
10,1000,0.8000000000000002,60,13.0,24.356602584735317
36,650,1.1000000000000005,28,18.5,27.83803032975517
21,250,1.1000000000000005,52,17.0,29.49631657655316
5,650,0.8000000000000002,12,6.0,61.15693780487078
34,650,0.9000000000000002,60,4.0,54.45823576730341
54,250,0.7500000000000001,60,7.5,61.90192249833344
63,250,0.9000000000000002,10,15.5,44.17216271490773
33,1000,0.9000000000000002,14,14.0,49.66364915261911
2,650,1.0000000000000004,8,2.0,60.135655798865955
38,250,1.2000000000000006,10,8.5,44.2843112066569
63,1000,1.0000000000000004,8,11.5,70.18169454999759
22,650,0.7500000000000001,54,15.0,35.473335907538534
11,1000,1.3500000000000005,44,3.0,25.759773857915746
50,250,1.3500000000000005,24,7.5,50.62035506643661
50,250,0.7000000000000001,36,4.0,44.12504242289392
65,650,0.6,20,17.0,25.22445440234452
27,250,1.0000000000000004,44,7.0,37.6115365393649
18,650,1.0500000000000003,10,19.5,59.401500462319085
67,250,1.4000000000000008,18,10.0,48.19280786773765
46,1000,1.3500000000000005,38,10.5,57.03685183995209
3,250,0.7500000000000001,64,10.0,26.416738011440387
64,650,1.2000000000000006,36,6.5,49.93617620519571
54,250,1.3000000000000007,2,14.5,65.3765905088619
8,650,0.8000000000000002,16,3.0,20.539236745307313
44,650,0.7000000000000001,48,0.0,52.56022585298253
42,250,0.7500000000000001,38,17.0,46.23543236717971
41,1000,0.9000000000000002,22,5.0,40.32322197357581
1,250,0.7500000000000001,40,7.5,27.37142916732029
52,650,1.1500000000000004,16,11.5,50.470771610244775
27,650,0.65,40,9.0,47.90339992615744
44,250,1.1000000000000005,30,7.0,38.87863090466457
41,650,0.8000000000000002,12,11.5,61.88528335221608
48,1000,0.7000000000000001,40,14.0,47.856790036604735
8,1000,0.6,34,15.5,17.84751879418546
15,250,1.2500000000000004,48,3.5,16.350114006123043
38,1000,0.7000000000000001,6,18.5,55.26829861099703
41,250,1.2000000000000006,30,19.5,27.562061453216185
40,250,0.6,36,3.0,44.38238217306039
57,250,1.0500000000000003,64,6.0,56.699840349605225
31,650,1.1500000000000004,38,9.5,31.351402423225537
46,250,0.8000000000000002,32,12.5,54.81488002853894
44,1000,1.2500000000000004,16,7.0,32.936668860679404
45,250,1.2000000000000006,18,13.5,45.76294407371974
69,650,0.6,20,18.5,22.208170998588344
3,650,1.1500000000000004,42,1.0,12.308834394187024
28,1000,1.0500000000000003,22,11.0,34.920970734933874
3,250,0.9000000000000002,28,10.0,22.846947436649835
28,1000,1.1000000000000005,34,2.0,28.57791754366948
48,250,1.2000000000000006,62,8.5,56.7990413185035
1,1000,1.2500000000000004,32,15.0,8.509492481046749
34,1000,0.6,30,12.0,44.40591159432844
26,1000,1.1500000000000004,56,9.5,36.92904796776439
34,250,1.3500000000000005,60,14.5,46.762345078465756
16,250,0.65,44,10.0,21.438529446595105
0,250,1.2000000000000006,50,11.5,15.475106200653016
15,1000,1.0000000000000004,12,0.0,70.46761405727122
35,1000,0.6,14,5.5,49.31663273894506
54,1000,1.3000000000000007,46,5.0,52.184286268037496
67,650,0.7500000000000001,0,4.5,61.4321160937873
35,650,0.65,54,9.5,51.472819534443495
55,250,1.3500000000000005,38,7.0,57.58598731067579
39,650,1.0500000000000003,34,4.0,33.9996334119266
44,1000,1.0000000000000004,12,10.0,73.47440494055326
24,650,1.2500000000000004,4,12.0,60.524270862528375
11,650,0.8500000000000002,0,0.0,59.80411633746963
51,1000,1.3000000000000007,0,13.5,61.88703593981876
69,250,1.2500000000000004,6,19.0,44.102222418700336
11,250,0.7000000000000001,6,5.0,41.186835081218234
56,1000,0.9500000000000003,66,16.5,57.58927559445819
66,1000,0.7500000000000001,16,5.0,44.657940688267196
62,1000,0.6,52,5.5,51.62460631742331
55,250,1.4000000000000008,2,18.5,80.16357689361658
67,1000,1.0000000000000004,54,17.5,51.162015696205515
36,650,1.3500000000000005,50,19.5,44.42839652209266
15,650,0.8500000000000002,42,2.0,22.81949865726842
41,650,0.65,22,15.5,46.264424592402065
17,1000,0.9500000000000003,18,8.0,16.786964777967604
66,250,0.6,64,12.0,49.54964816499657
53,1000,0.9500000000000003,48,8.5,54.60357921866589
60,650,0.65,44,11.5,48.80260506427039
38,1000,1.3000000000000007,56,5.0,34.05169816953864
29,1000,1.2500000000000004,66,5.0,39.92466153624426
60,1000,1.1000000000000005,58,5.0,55.718227721749884
68,1000,0.9500000000000003,14,10.0,52.09203719540715
36,650,0.8000000000000002,60,17.5,50.406401496267556
51,650,1.3500000000000005,20,5.5,53.092085399476375
49,650,0.7500000000000001,38,19.5,48.50075269227638
52,1000,1.1500000000000004,28,13.0,50.684450933958246
24,250,1.3500000000000005,46,18.0,36.03845163822572
39,1000,1.1500000000000004,56,11.0,34.479353617264906
7,1000,1.2000000000000006,6,19.0,66.97066816162697
56,1000,0.8500000000000002,30,12.5,54.817062618473564
40,250,1.2500000000000004,52,1.0,37.80873185784468
7,250,0.9500000000000003,20,7.5,10.294691942355037
37,650,0.9000000000000002,10,1.5,61.49752126320912
5,650,1.0000000000000004,50,3.0,14.758357811529947
33,250,1.1500000000000004,8,11.5,43.95011806701022
39,250,1.3000000000000007,14,1.5,40.84462355655556
20,250,0.6,44,14.0,39.48812909907485
12,650,1.0000000000000004,42,8.5,15.59138443823948
8,1000,1.0000000000000004,56,7.0,12.364416508383442
19,650,0.7500000000000001,6,18.0,61.31523039567598
59,650,0.65,66,0.5,52.823984562911114
17,650,0.8000000000000002,0,1.0,59.51104598080526
9,650,1.0000000000000004,40,19.0,5.870754219264235
21,650,0.7000000000000001,38,8.5,37.59940822909912
49,250,1.3000000000000007,32,17.0,51.09496354631052
25,1000,1.2500000000000004,38,8.5,29.13491844436007
56,1000,1.1000000000000005,42,14.5,53.67778893096602
41,650,0.8000000000000002,12,12.5,61.86282324772991
60,250,1.3500000000000005,50,9.0,62.612329888514154
67,650,1.4000000000000008,14,16.5,59.176254995768474
33,650,0.7000000000000001,12,12.5,44.34588494472772
49,1000,1.1000000000000005,66,13.5,57.734480136559796
29,650,0.9500000000000003,52,4.0,39.50757609490134
16,250,0.9500000000000003,56,1.5,17.73945883211877
52,250,0.65,8,13.0,43.165949745485314
49,250,0.9000000000000002,0,5.5,63.331817764708916
42,1000,1.0000000000000004,16,10.0,33.2246533789893
44,1000,1.4000000000000008,30,7.5,33.04292711583269
35,1000,1.1500000000000004,26,6.0,25.587517593083092
33,650,1.1500000000000004,64,3.0,38.910238717911476
25,650,1.2500000000000004,48,15.0,35.070845268133155
3,650,0.7500000000000001,64,8.0,25.03131699806021
34,250,1.2500000000000004,50,6.0,38.78312420451429
39,250,0.8000000000000002,56,20.0,48.13589728559344
27,250,1.1000000000000005,2,0.0,59.924953038524826
52,1000,1.2000000000000006,48,18.5,45.2487032436432
50,1000,0.8500000000000002,60,19.5,55.414731127253155
54,1000,1.1000000000000005,32,2.0,50.905094090893975
56,650,0.8000000000000002,42,5.5,59.46462426879854
42,250,1.0000000000000004,0,6.5,64.7656353091946
8,1000,0.6,22,7.0,20.13596971142166
51,1000,0.6,64,19.0,29.21593569138237
67,1000,1.1000000000000005,60,6.5,55.55537945829252
17,250,1.1500000000000004,56,0.5,29.69490035025914
49,650,1.1500000000000004,52,15.5,56.574840611539024
51,250,0.8000000000000002,54,20.0,54.91270389028695
69,250,1.3000000000000007,28,15.5,51.67019010735981
18,250,0.6,64,17.5,21.080701510552494
45,250,0.8000000000000002,30,15.5,58.912791946791614
6,650,1.3500000000000005,2,10.5,63.76737132147725
67,650,0.7500000000000001,54,2.0,61.63458361147645
25,1000,1.1000000000000005,30,16.0,31.516763919847197
0,650,1.4000000000000008,2,18.5,63.844886482491845
29,1000,0.9500000000000003,34,18.0,22.929139241731605
68,250,1.4000000000000008,54,13.0,57.01712723211598
54,1000,1.0500000000000003,66,12.0,57.51805638596094
52,650,1.2500000000000004,12,2.0,65.38146579485262
27,1000,1.0000000000000004,42,14.5,31.51864939808078
44,250,1.3500000000000005,10,0.5,44.9616829575859
42,650,0.8500000000000002,52,18.5,47.99847306924709
35,1000,0.65,58,14.5,49.708734496633454
